fidNames;9,97999954;9,93999958;9,89999962;9,85999966;9,81999969;9,77999973;9,73999977;9,69999981;9,65999985;9,61999989;9,57999992;9,53999996;9,5;9,45999908;9,41999912;9,37999916;9,3399992;9,29999924;9,25999928;9,21999931;9,17999935;9,13999939;9,09999943;9,05999947;9,0199995;8,97999954;8,93999958;8,89999962;8,85999966;8,81999969;8,77999973;8,73999977;8,69999981;8,65999985;8,61999989;8,57999992;8,53999996;8,5;8,46000004;8,41999912;8,37999916;8,3399992;8,29999924;8,25999928;8,21999931;8,17999935;8,13999939;8,09999943;8,05999947;8,0199995;7,97999954;7,93999958;7,89999962;7,85999966;7,81999969;7,77999973;7,73999977;7,69999981;7,65999937;7,61999941;7,57999945;7,53999949;7,49999952;7,45999956;7,4199996;7,37999964;7,33999968;7,29999971;7,25999975;7,21999979;7,17999983;7,13999939;7,09999943;7,05999947;7,0199995;6,97999954;6,93999958;6,89999962;6,85999966;6,81999969;6,77999973;6,73999977;6,69999981;6,65999985;6,61999941;6,57999945;6,53999949;6,49999952;6,45999956;6,4199996;6,37999964;6,33999968;6,29999971;6,25999975;6,21999979;6,17999983;6,13999939;6,09999943;6,05999947;6,0199995;5,97999954;5,93999958;5,89999962;5,85999966;5,81999969;5,77999973;5,73999977;5,69999981;5,65999985;5,61999941;5,57999945;5,53999949;5,49999952;5,45999956;5,4199996;5,37999964;5,33999968;5,29999971;5,25999975;5,21999979;5,17999983;5,13999987;5,09999943;5,05999947;5,0199995;4,97999954;4,93999958;4,89999962;4,85999966;4,81999969;4,77999973;4,73999977;4,69999981;4,65999985;4,61999989;4,57999945;4,53999949;4,49999952;4,45999956;4,4199996;4,37999964;4,33999968;4,29999971;4,25999975;4,21999979;4,17999983;4,13999987;4,0999999;4,05999947;4,0199995;3,97999978;3,93999958;3,89999962;3,85999966;3,81999969;3,77999973;3,73999977;3,69999957;3,65999961;3,61999965;3,57999969;3,53999972;3,49999976;3,4599998;3,4199996;3,37999964;3,33999968;3,29999971;3,25999975;3,21999979;3,17999959;3,13999963;3,09999967;3,0599997;3,01999974;2,97999978;2,93999958;2,89999962;2,85999966;2,81999969;2,77999973;2,73999977;2,69999981;2,65999961;2,61999965;2,57999969;2,53999972;2,49999976;2,4599998;2,4199996;2,37999964;2,33999968;2,29999971;2,25999975;2,21999979;2,17999983;2,13999963;2,09999967;2,0599997;2,01999974;1,97999978;1,9399997;1,89999974;1,85999978;1,81999969;1,77999973;1,73999977;1,69999969;1,65999973;1,61999977;1,57999969;1,53999972;1,49999976;1,45999968;1,41999972;1,37999976;1,33999968;1,29999971;1,25999975;1,21999979;1,17999971;1,13999975;1,09999979;1,0599997;1,01999974;0,97999972;0,93999976;0,89999974;0,85999978;0,81999975;0,77999973;0,73999977;0,69999975;0,65999973;0,61999977;0,57999974;0,53999972;0,49999976;0,45999974;0,41999975;0,37999976;0,33999977;0,29999977;0,25999975;0,21999976;0,17999977;0,13999976;0,09999976;0,05999976;0,01999976
J1-D1-1D-T1;-0,00070057;-0,00071565;-0,0006647;-0,00074286;-0,00068605;-0,00068714;-0,00071024;-0,00066793;-0,00067569;-0,00069789;-0,00071967;-0,00069738;-0,00070741;-0,00069438;-0,00071351;-0,00071374;-0,00071974;-0,00072903;-0,00070174;-0,0006935;-0,00074557;-0,00070759;-0,00074554;-0,00073397;-0,00073649;-0,00073258;-0,00074636;-0,0007632;-0,00070507;-0,000719;-0,00075307;-0,00073057;-0,00068956;-0,00075139;-0,00068943;-0,00072938;-0,00074125;-0,00072937;-0,0007601;-0,00035821;-0,00071441;-0,00071076;-0,00065182;-0,00067376;-0,00052007;-0,00058954;-0,00070177;-0,00068583;-0,00067875;-0,00047442;-0,00054023;-0,00068621;-0,00063798;-0,00034285;-0,00021299;-0,00005646;0,00042252;-0,00046758;-0,00050013;-0,00039454;-0,00055179;-0,00056467;-0,00065621;-0,00072474;-0,00049511;-0,00017017;-0,00004037;0,00051749;-0,0002627;-0,00010528;-0,00004301;-0,00022342;-0,00040591;-0,00038858;0,00036523;-0,00028542;-0,00006714;-0,00029644;0,00024269;-0,00038418;-0,00045906;-0,00055853;-0,00046681;-0,00062339;-0,00070228;-0,00072858;-0,00076062;-0,00076488;-0,00071352;-0,00074096;-0,00078715;-0,00078006;-0,00079612;-0,00077385;-0,00076375;-0,0007716;-0,00077748;-0,00079395;-0,00080667;-0,00080825;0;0;0;0;0;0;0;0;0;0;0;0;0;0;0;0;0;0;0;0;0;0;0;0;0;0;0;0;0;0;0;0;0;0;0;0;0;0,00099977;0,00097639;0,00127558;0,00127909;0,00174284;0,00297916;0,00389143;0,00365094;0,00116023;0,00113679;0,0102381;0,00362075;0,00206268;0,00401279;0,00469587;0,01008384;0,017895;0,01789669;0,01173031;0,0189249;0,02722043;0,01938884;0,01197853;0,00746157;0,01286871;0,0094711;0,01538919;0,01202009;0,0180063;0,0071674;0,0028133;0,00625273;0,03789977;0,03851033;-0,00018912;0,00031522;0,00097286;0,0052306;0,00578741;0,00260053;0,00245096;0,00127405;0,00102311;0,00295336;0,00694631;0,00612724;0,00440836;0,00214981;0,00003929;0,00064814;0,00154014;0,00295319;0,00769904;0,00246653;0,00355944;0,00476272;0,00537018;0,00659474;0,00240665;0,00348171;0,01073439;0,01154344;0,03478987;0,02366203;0,00873907;0,00501238;0,00275457;0,00087118;0,00082224;0,00177755;0,00500991;0,0033328;0,00179758;0,00374574;0,0050312;0,00253993;0,0138351;0,00360216;0,00657216;0,01446435;0,09425285;0,10272265;0,0684658;0,01896511;0,00414946;0,00160988;0,00038114;0,00598764;0,00611841;0,01473309;0,0159872;0,05266336;0,07688917;0,00822246;-0,00000228;-0,00040516;-0,00085456;-0,00096809;-0,00110454;-0,00111884;-0,00057167;0;0;0;0;0;0;0;0;0;0;0;0,00000668
J1-D2-1D-T6;-0,00066925;-0,00071583;-0,00072644;-0,00075202;-0,00073446;-0,00079059;-0,00076023;-0,00077324;-0,00076025;-0,00076666;-0,00075034;-0,00073497;-0,00070323;-0,00068187;-0,00066741;-0,00065755;-0,00063267;-0,00060232;-0,00059344;-0,00060322;-0,00058747;-0,00062658;-0,00067019;-0,00067143;-0,00077186;-0,00078608;-0,00085378;-0,00093526;-0,00109305;-0,00119336;-0,00129704;-0,00138785;-0,00148227;-0,00161258;-0,0017218;-0,00176609;-0,00183376;-0,00187866;-0,00181182;-0,00157707;-0,00182222;-0,00176517;-0,00166411;-0,00156429;-0,001326;-0,00129301;-0,00126666;-0,00111528;-0,00097814;-0,00077788;-0,00072677;-0,00078326;-0,00065694;-0,00044367;-0,00036728;-0,00006106;-0,00007008;-0,00050029;-0,00054356;-0,00051144;-0,00064802;-0,0007143;-0,0007325;-0,00079207;-0,0004335;-0,0002359;-0,00003734;0,00043606;-0,00040534;-0,00033278;-0,00003674;-0,00035108;-0,00043684;-0,00026468;-0,00009085;-0,00027184;-0,00016748;-0,00009376;0,00022166;-0,00026584;-0,00031114;-0,00037126;-0,00033081;-0,00041282;-0,00048739;-0,00052111;-0,00055515;-0,0005628;-0,00062368;-0,00071375;-0,00075373;-0,00082563;-0,0009046;-0,000931;-0,00096643;-0,00103079;-0,00106806;-0,00103754;-0,00101978;-0,00104875;0;0;0;0;0;0;0;0;0;0;0;0;0;0;0;0;0;0;0;0;0;0;0;0;0;0;0;0;0;0;0;0;0;0;0;0;0;-0,00088317;-0,00173111;-0,00136311;-0,00096555;-0,00017864;0,00089856;0,00192068;0,00151388;0,0003166;0,00143141;0,01330762;0,00318858;0,0019802;0,00357787;0,00361914;0,02308473;0,03089074;0,04474404;0,01949386;0,03504324;0,05849572;0,01723558;0,00670504;0,00492409;0,01606632;0,02437454;0,05396912;0,03794789;0,04397535;0,00466665;0,00114892;0,01073924;0,05344137;0,0219257;0,00071607;0,00089076;0,00095307;0,00497121;0,00374251;0,00171858;0,00169454;0,00073015;0,00075398;0,00227607;0,00471431;0,003341;0,00255937;0,00107115;-0,00043949;0,00035838;0,00110892;0,00292142;0,00543509;0,00172548;0,00447829;0,00399201;0,00541646;0,00657285;0,00171627;0,00393023;0,00857803;0,0112094;0,02881725;0,01773709;0,00466555;0,00402961;0,00172495;0,00021362;0,00038987;0,00215462;0,00586527;0,00293708;0,00148746;0,00395491;0,00416855;0,00216812;0,01375525;0,00292707;0,00577314;0,02414196;0,09741826;0,08080642;0,03318697;0,00634389;-0,00087273;-0,00185174;-0,00118029;0,00710242;0,00919638;0,01620283;0,01297386;0,04139071;0,03884875;0,00073894;-0,00207338;-0,0020408;-0,0021156;-0,00202185;-0,00192766;-0,00180656;-0,00087353;0;0;0;0;0;0;0;0;0;0;0;0,00000263
J1-D3-1D-T11;-0,00118468;-0,00119069;-0,00121519;-0,00118714;-0,00117763;-0,00118601;-0,00117726;-0,00118531;-0,00118898;-0,00117702;-0,00115524;-0,0012024;-0,00121136;-0,00121187;-0,00120684;-0,00117384;-0,00120367;-0,00121807;-0,00121821;-0,00121084;-0,00122894;-0,00122056;-0,00120884;-0,0011921;-0,00120637;-0,00120451;-0,00120632;-0,00120916;-0,00117288;-0,00117763;-0,00120597;-0,00121259;-0,00122847;-0,00123095;-0,00120962;-0,00123166;-0,00125721;-0,00127315;-0,00128574;-0,0007776;-0,00118667;-0,00122143;-0,00120954;-0,00122294;-0,00111163;-0,00111087;-0,00118386;-0,00118576;-0,00120908;-0,0009813;-0,00103793;-0,00121013;-0,00118419;-0,00093068;-0,00063402;-0,0006886;-0,00006631;-0,00090269;-0,00104161;-0,00079918;-0,00103258;-0,00113076;-0,00116605;-0,00121207;-0,00102764;-0,000688;-0,00055825;0,00012341;-0,00071731;-0,00059615;-0,00056262;-0,00077555;-0,00090994;-0,00086215;-0,00018628;-0,00080797;-0,00054818;-0,0006801;-0,00037281;-0,0008168;-0,00095131;-0,00105176;-0,00099991;-0,0010915;-0,00117646;-0,00124294;-0,00123596;-0,00125971;-0,00123902;-0,00127599;-0,0013333;-0,00134295;-0,00136679;-0,00130624;-0,00131811;-0,00133115;-0,00137381;-0,00135513;-0,001373;-0,00140133;0;0;0;0;0;0;0;0;0;0;0;0;0;0;0;0;0;0;0;0;0;0;0;0;0;0;0;0;0;0;0;0;0;0;0;0;0;0,00058296;0,00038809;0,00067223;0,00074813;0,00110019;0,00220088;0,0029504;0,00279105;0,00041254;0,00039409;0,00984036;0,00316737;0,00139053;0,00316607;0,00378095;0,01325921;0,02369215;0,0269846;0,01610246;0,02455872;0,03940314;0,02251543;0,01312997;0,00693959;0,01530135;0,0135771;0,02808932;0,0222899;0,02650608;0,00797979;0,00254934;0,00656943;0,04237354;0,04173277;0,0025589;0,00213252;0,00213928;0,00652077;0,00661329;0,00329381;0,0029852;0,0016815;0,00107994;0,00271104;0,00638286;0,00616637;0,00489309;0,00234484;0,00000582;0,00079919;0,00196677;0,00360796;0,00770551;0,0027943;0,00535769;0,00561845;0,00549277;0,00548089;0,00235508;0,00421949;0,01103113;0,01334988;0,03738648;0,02491758;0,00840637;0,00496313;0,00259258;0,00065061;0,00080559;0,00183315;0,00501327;0,00328536;0,00179797;0,00311839;0,00408538;0,00267461;0,01888656;0,00442616;0,00746327;0,01382047;0,08772155;0,08842253;0,06285828;0,01496621;0,00208649;-0,00008764;-0,00035049;0,00457899;0,00632824;0,01257639;0,01437698;0,05009383;0,07603763;0,00555384;-0,00147929;-0,00167891;-0,00198088;-0,00202938;-0,00203822;-0,00203139;-0,00099318;0;0;0;0;0;0;0;0;0;0;0;0,00000848
J1-D4-1D-T16;0,00002341;0,00004347;0,00002219;0,00003116;0,00000296;0,00004528;0,00003859;0,00003537;0,00003268;0,00006008;0,00004904;0,00004704;0,00004475;0,00006501;0,00004267;0,00004073;0,00004245;0,00004975;0,00003421;0,00004345;-0,00000051;0,00001671;0,00005363;0,00004113;0,00002629;0,00003382;0,00003268;0,00002212;0,00001536;0,00005444;0,00004227;0,00006142;0,00004882;0,0000511;0,00006074;0,00005502;0,0000447;0,00002773;0,00006197;0,0003167;0,00005228;0,00006129;0,00010503;0,00007681;0,00020473;0,00015898;0,00009384;0,00008789;0,00015042;0,00021746;0,00016769;0,00012595;0,00011346;0,00023631;0,00038027;0,00045856;0,00077192;0,00019865;0,00021257;0,0003252;0,00015941;0,00013495;0,00012276;0,00009063;0,00034249;0,00052238;0,00068466;0,00102819;0,00034922;0,00046556;0,0005121;0,0003065;0,00025444;0,00029869;0,00070317;0,0002862;0,00031188;0,00040583;0,00061519;0,00023229;0,00019131;0,0001279;0,00017907;0,00011504;0,0000717;0,0000507;0,00005911;0,00009656;0,00009103;0,00006962;0,00008877;0,00007795;0,00007008;0,00007869;0,00009073;0,00006981;0,00006681;0,00007125;0,0001269;0,00009891;0;0;0;0;0;0;0;0;0;0;0;0;0;0;0;0;0;0;0;0;0;0;0;0;0;0;0;0;0;0;0;0;0;0;0;0;0;0,00028579;0,00017376;0,0004481;0,00043138;0,00083125;0,00170535;0,0023689;0,00206307;0,00075037;0,00101358;0,00837949;0,00263185;0,00191298;0,0030661;0,00339199;0,01249249;0,01958874;0,0253705;0,01245385;0,02124443;0,03457982;0,01592697;0,00815438;0,00502759;0,01099104;0,01337381;0,02830588;0,02052674;0,02812994;0,0067141;0,00230104;0,00691743;0,0326693;0,02406873;0,00044914;0,00061051;0,00086909;0,00415429;0,00389461;0,00196028;0,00186284;0,00116724;0,00113749;0,00261308;0,00509904;0,00436132;0,00301264;0,00154089;0,0000747;0,00045976;0,00105008;0,00227548;0,00578101;0,00183263;0,00385418;0,00398822;0,00500413;0,00669526;0,00246323;0,00254682;0,008024;0,00965535;0,02802846;0,02061208;0,00722326;0,00430965;0,00215435;0,00064534;0,00052102;0,00124075;0,00370657;0,00236119;0,00158679;0,00388214;0,00494364;0,00181016;0,00854034;0,00205463;0,00452535;0,01599288;0,08788487;0,10116447;0,05302006;0,01774081;0,00500209;0,00224934;0,0011619;0,00564166;0,00602962;0,01307612;0,01667585;0,05030114;0,04927986;0,00941653;0,00248174;0,00156024;0,00097805;0,00067919;0,00049074;0,00035981;0,00015378;0;0;0;0;0;0;0;0;0;0;0;0,00000726
J2-D1-1D-T2;-0,000139;-0,00017003;-0,00012928;-0,00017378;-0,00017445;-0,00014231;-0,00016563;-0,00012406;-0,00012675;-0,00013592;-0,00014;-0,00012862;-0,00011794;-0,00015324;-0,00014025;-0,00015993;-0,00014339;-0,0001493;-0,00016776;-0,00016469;-0,00011395;-0,00013589;-0,00015989;-0,0001417;-0,00015491;-0,00013198;-0,00017073;-0,00015623;-0,00016292;-0,00015872;-0,00012602;-0,00013613;-0,00013325;-0,00008756;-0,00013761;-0,00015885;-0,00015387;-0,00013176;-0,00012001;0,00022287;-0,0000964;-0,00008141;-0,00004302;-0,00009845;0,00006825;-0,00001968;-0,00004496;-0,00006083;-0,0000166;0,00008676;0,00003972;-0,00004289;-0,00004904;0,00017125;0,00051797;0,00044859;0,00099537;0,00008594;0,00004519;0,00021545;0,0000478;0,00001932;-0,00002675;-0,0000806;0,00022811;0,00039166;0,00058122;0,00103608;0,00030832;0,00042591;0,00057678;0,00024374;0,0001718;0,00025506;0,00086213;0,00031382;0,00046814;0,00044402;0,00067334;0,0001789;0,00012773;0,00003365;0,00014734;-0,00001795;-0,00007628;-0,00006788;-0,0000428;-0,0000512;-0,00005506;-0,0000591;-0,00004476;-0,00006744;-0,00007319;-0,00005858;-0,00007481;-0,00004794;-0,00007788;-0,00005367;0,00000058;-0,00003098;0;0;0;0;0;0;0;0;0;0;0;0;0;0;0;0;0;0;0;0;0;0;0;0;0;0;0;0;0;0;0;0;0;0;0;0;0;0,00045264;0,0001833;0,00050948;0,00064;0,00117964;0,00238542;0,00328626;0,00286733;0,00085995;0,00104273;0,00966556;0,00279499;0,00168759;0,00373103;0,00441428;0,01011485;0,01643951;0,01700213;0,01103891;0,01758886;0,02505422;0,01736997;0,01012529;0,0066558;0,01198477;0,00794313;0,01468598;0,01181762;0,01447758;0,00599636;0,00201178;0,0060842;0,03569213;0,03323242;0,00062896;0,00086696;0,00136866;0,00533824;0,00525302;0,00253441;0,00233561;0,00135052;0,00114505;0,00310728;0,00691708;0,00589422;0,00413483;0,00185586;0,00010572;0,00054612;0,00144628;0,0031824;0,00701594;0,00237206;0,00356213;0,00451889;0,00512687;0,00596541;0,00215173;0,00352882;0,00999519;0,01115331;0,03314188;0,02214055;0,0081002;0,00471687;0,00248726;0,00079646;0,00073439;0,00161927;0,00452786;0,00299412;0,00154562;0,00333982;0,00421036;0,00199266;0,01259395;0,00293124;0,00540525;0,01301313;0,08942404;0,09672786;0,06521466;0,01888817;0,00503957;0,00235373;0,00088554;0,00599576;0,00667396;0,0137232;0,01528163;0,05131319;0,07270331;0,00927836;0,00165565;0,00087868;0,00031806;0,0000841;-0,00008503;-0,00019904;-0,00012664;0;0;0;0;0;0;0;0;0;0;0;0,00000875
J2-D2-1D-T5;-0,00012307;-0,00014081;-0,0001143;-0,00014529;-0,00013744;-0,00011759;-0,00010149;-0,00012782;-0,00013207;-0,0001383;-0,00012773;-0,00012899;-0,00012604;-0,00011229;-0,00008741;-0,0001276;-0,00013183;-0,00012346;-0,00013111;-0,00013173;-0,00010365;-0,00012432;-0,00012519;-0,00012413;-0,0001323;-0,00010653;-0,00012717;-0,00013367;-0,00012287;-0,00011526;-0,00010364;-0,00012185;-0,00011511;-0,00011329;-0,00010892;-0,00009857;-0,00011869;-0,00011482;-0,00010504;0,00017133;-0,00009082;-0,0001034;-0,00006614;-0,00008797;0,00002875;-0,00002926;-0,00008338;-0,00007309;-0,00006623;0,00005358;0,00000897;-0,00006432;-0,00000704;0,0001399;0,00018442;0,00034158;0,00059758;0,00006714;0,00001496;0,00010098;0,00000556;-0,0000213;-0,00002255;-0,00007725;0,00017434;0,0004074;0,00048889;0,00097142;0,00019353;0,00029576;0,00043126;0,00025537;0,00011124;0,00014028;0,00047736;0,00017807;0,00026454;0,00019648;0,00060495;0,00012922;0,00003908;-0,00002779;0,00003955;-0,00002696;-0,00008493;-0,00008685;-0,00011326;-0,00011019;-0,00009002;-0,00011624;-0,0001068;-0,00011335;-0,00010564;-0,00012776;-0,00010755;-0,00012428;-0,00010224;-0,0001304;-0,00007497;-0,0001146;0;0;0;0;0;0;0;0;0;0;0;0;0;0;0;0;0;0;0;0;0;0;0;0;0;0;0;0;0;0;0;0;0;0;0;0;0;0,00033057;0,00044882;0,00053197;0,00060585;0,00098435;0,00162744;0,0022219;0,00201305;0,00056998;0,00092605;0,01138509;0,00294435;0,00170975;0,00270561;0,00288608;0,01776088;0,02626278;0,03853263;0,0168922;0,02957926;0,0513494;0,01777783;0,00729672;0,00496366;0,01208011;0,02176946;0,04559005;0,0307376;0,04611363;0,00558713;0,00230106;0,00713678;0,04572769;0,02243667;0,00093435;0,00118897;0,00111039;0,00405021;0,00391702;0,00186598;0,00184687;0,00108875;0,00087545;0,00206956;0,00425032;0,00336646;0,00257732;0,00163732;0,00001131;0,0005674;0,0011484;0,00222439;0,00553416;0,00174538;0,00392395;0,0037717;0,0047129;0,00615007;0,00201156;0,00244228;0,0077382;0,0083682;0,02429348;0,01713541;0,00547966;0,00400955;0,00222421;0,00059722;0,00048441;0,00151352;0,00498108;0,00299268;0,00134327;0,00302449;0,00401584;0,00138821;0,01171135;0,00226727;0,00343742;0,01013717;0,08469621;0,07298574;0,0369585;0,01119758;0,00309997;0,00129653;0,00083543;0,00780256;0,00769579;0,01611903;0,01152139;0,03346534;0,04024111;0,00572299;0,00128603;0,00074573;0,00037385;0,00017114;0,0000493;-0,00002488;-0,00003057;0;0;0;0;0;0;0;0;0;0;0;0,00000413
J2-D3-1D-T12;-0,00024146;-0,00021709;-0,00027059;-0,00026881;-0,00025428;-0,00025515;-0,00023958;-0,00026502;-0,00023975;-0,00024485;-0,00027421;-0,00024844;-0,00025423;-0,00023786;-0,00023713;-0,00026879;-0,0002436;-0,00028491;-0,00024484;-0,00023566;-0,00023362;-0,00025294;-0,00022051;-0,00026413;-0,00022735;-0,00021848;-0,00022514;-0,00022831;-0,00024792;-0,00019212;-0,0001914;-0,00022529;-0,00019725;-0,00021508;-0,00021544;-0,00022514;-0,00023124;-0,00023258;-0,00022742;0,0001654;-0,00021313;-0,000242;-0,00019769;-0,00017076;-0,00002366;-0,00016589;-0,00017001;-0,00021532;-0,00010206;0,00003022;-0,00002728;-0,00015234;-0,00005726;0,00022872;0,00027159;0,00038779;0,00066471;-0,00001248;-0,0000475;0,00008314;-0,00004868;-0,00008738;-0,00014869;-0,00017887;0,00013026;0,00027781;0,00046416;0,00101241;0,00017845;0,00032262;0,00043004;0,00009615;0,00001016;0,00016301;0,00060633;0,0001266;0,00041887;0,00022561;0,00043841;0,00008704;-0,00003546;-0,00009943;0,00000087;-0,00013891;-0,00021856;-0,00021226;-0,00025414;-0,00020907;-0,0002021;-0,00022514;-0,00020793;-0,00020628;-0,00021173;-0,0002095;-0,00019713;-0,00026209;-0,00022434;-0,00022734;-0,00019228;-0,00020221;0;0;0;0;0;0;0;0;0;0;0;0;0;0;0;0;0;0;0;0;0;0;0;0;0;0;0;0;0;0;0;0;0;0;0;0;0;0,00040726;0,00027409;0,00061106;0,00075732;0,00123433;0,00236832;0,00293108;0,00264625;0,00076648;0,00104199;0,00968227;0,00269345;0,00170361;0,00365241;0,00389197;0,01310614;0,021167;0,0248108;0,0148001;0,02238296;0,03443279;0,01892961;0,01080624;0,0062042;0,01429256;0,01161673;0,02535976;0,01990262;0,02262139;0,00647531;0,00217711;0,00736549;0,03886305;0,03331497;0,00228404;0,00209706;0,00201515;0,0058271;0,00588129;0,00298647;0,00283264;0,00160356;0,00117346;0,00272505;0,00598131;0,00564995;0,00439992;0,00206866;0,00022221;0,0008872;0,00185129;0,00335517;0,00695565;0,00263978;0,00497121;0,00510356;0,00495731;0,00487757;0,00205954;0,00386533;0,00971682;0,01204347;0,03336548;0,02195378;0,00748188;0,00484087;0,00241801;0,00077747;0,00083688;0,0017206;0,0044443;0,00294166;0,00149637;0,00257565;0,00323519;0,00186837;0,01640359;0,0031758;0,00561402;0,010274;0,07671846;0,07775885;0,05681066;0,01499942;0,00359273;0,00121694;0,0005945;0,00460263;0,0058376;0,01142321;0,01233415;0,04425312;0,06974861;0,0077526;0,00123876;0,00062004;0,00007547;-0,0001132;-0,00024706;-0,00033639;-0,00016113;0;0;0;0;0;0;0;0;0;0;0;0,00000778
J2-D4-1D-T15;-0,00001089;-0,00004024;-0,00001465;-0,00002687;-0,0000366;0,00000377;-0,00002103;-0,00003558;-0,00002024;-0,00003597;-0,00001422;-0,00002464;-0,00004257;-0,0000262;-0,00001733;-0,00004307;-0,00002139;-0,00003532;0,00000187;-0,00002896;-0,00001642;-0,00001813;-0,00001843;-0,0000211;-0,00002502;-0,000021;-0,00001905;0,00000664;-0,00001791;0,00003977;0,00000419;-0,00001822;-0,00003014;-0,00001647;-0,00002578;-0,00002245;-0,00002835;-0,00002631;0,00001414;0,00025194;-0,00002746;0,00002126;0,00005744;0,0000122;0,00012789;0,000109;0,00005536;0,00000647;0,00007403;0,00012429;0,00009588;0,00004457;0,00005774;0,00015709;0,00027964;0,00039797;0,00071838;0,00016733;0,00012929;0,00020856;0,00008763;0,00005365;0,00005186;0,00001681;0,00026565;0,00038534;0,00056622;0,00091775;0,00029474;0,00037742;0,00043468;0,00023471;0,00015764;0,00024105;0,0005876;0,0001941;0,00024781;0,0003357;0,00047955;0,00016049;0,0001076;0,00005786;0,00012455;0,00006051;-0,00002549;-0,00003055;-0,00003828;-0,00004524;-0,00005514;-0,00002443;-0,00003254;-0,00003443;-0,00001819;0,0000013;0,00000019;-0,00001044;-0,00001211;0,00000945;0,00000699;-0,00001366;0;0;0;0;0;0;0;0;0;0;0;0;0;0;0;0;0;0;0;0;0;0;0;0;0;0;0;0;0;0;0;0;0;0;0;0;0;0,00027084;0,00031691;0,00056679;0,00052189;0,00086571;0,00154906;0,00225924;0,0018769;0,00056409;0,00080337;0,00777565;0,00304897;0,0018233;0,00285846;0,00308977;0,01173565;0,02061206;0,02431761;0,01317388;0,02014681;0,03476627;0,01674405;0,0079821;0,0050424;0,01106977;0,0123617;0,02828145;0,02229471;0,02498379;0,00698472;0,00229604;0,00644552;0,03115918;0,0256753;0,00167845;0,00111501;0,00132496;0,00485088;0,00415523;0,00226874;0,00208688;0,00134021;0,00130867;0,00277235;0,00520949;0,0044107;0,00323012;0,00164621;0,00018042;0,00054952;0,00121505;0,00258085;0,00557307;0,00197212;0,00397847;0,0040098;0,00514119;0,00661668;0,00272256;0,00293573;0,00771223;0,00975972;0,02761804;0,02087369;0,00769104;0,00486786;0,00248417;0,00076717;0,00061044;0,00136435;0,00395109;0,00247207;0,00166331;0,00391876;0,00489578;0,001917;0,008294;0,00262973;0,00460292;0,01691564;0,08789344;0,09970352;0,05480883;0,01849025;0,00521962;0,00227934;0,00122485;0,00550061;0,00700869;0,01208933;0,01763089;0,04966795;0,04847428;0,01039978;0,00256819;0,00160308;0,00102167;0,00071069;0,00054245;0,00041249;0,00016011;0;0;0;0;0;0;0;0;0;0;0;0,00000657
J3-D1-1D-T3;-0,00018147;-0,00019286;-0,00017398;-0,00019935;-0,0001893;-0,0001495;-0,00017443;-0,00015749;-0,00019047;-0,00017098;-0,00014784;-0,00014252;-0,00013398;-0,00013605;-0,00016372;-0,0001731;-0,00019676;-0,00017204;-0,00017076;-0,00018809;-0,00014582;-0,00016184;-0,00013756;-0,00018125;-0,00014877;-0,00015021;-0,00014374;-0,0001506;-0,0001902;-0,00019356;-0,00018177;-0,00014917;-0,00017881;-0,00010676;-0,00016489;-0,00015966;-0,00015577;-0,00014721;-0,00007049;0,00014606;-0,00010983;-0,00011969;-0,00009309;-0,00011172;0,00004848;0,00000075;-0,00008199;-0,00008616;-0,00005687;0,00013239;0,00006942;-0,00006307;-0,00000965;0,00028296;0,00046083;0,00075481;0,00066582;0,00005131;0,00008958;0,00020797;0,00002541;0,000035;-0,00001315;-0,00006863;0,00023335;0,00040516;0,00059604;0,00103015;0,00035049;0,00034574;0,00062824;0,00020085;0,00017288;0,00044892;0,00064612;0,0002955;0,00050843;0,00044693;0,00062301;0,00016248;0,00010739;-0,00001377;0,00011844;-0,00003648;-0,00008216;-0,00007026;-0,00010513;-0,000102;-0,00009879;-0,00003309;-0,00009734;-0,00008988;-0,0000681;-0,00004808;-0,00004131;-0,0000678;-0,00007994;-0,00004426;0,00000446;-0,00004036;0;0;0;0;0;0;0;0;0;0;0;0;0;0;0;0;0;0;0;0;0;0;0;0;0;0;0;0;0;0;0;0;0;0;0;0;0;0,0001061;-0,00013096;0,00020765;0,00038848;0,00097578;0,00220154;0,00300512;0,00252596;0,00057117;0,00080048;0,0088567;0,00315738;0,0015648;0,00368863;0,00399326;0,0100816;0,01669498;0,01648433;0,01133301;0,01649469;0,02533314;0,01712879;0,00958601;0,0062146;0,01137253;0,00736913;0,01383925;0,01161465;0,01231564;0,00525004;0,00117711;0,00411148;0,03455288;0,03718941;0,00259239;0,00173182;0,00214;0,00635249;0,00560879;0,00299847;0,00271569;0,00155698;0,00153002;0,00346711;0,00714162;0,00606886;0,00434808;0,00174387;0,00020967;0,00068591;0,00167296;0,00368273;0,00665739;0,00256527;0,00379539;0,00466101;0,00529087;0,00599496;0,00235738;0,00433765;0,00961629;0,01192104;0,03304061;0,02210931;0,0081813;0,00485244;0,00240751;0,00074073;0,0007371;0,00171609;0,0046402;0,00298871;0,00161315;0,00345367;0,00419701;0,00221986;0,01220837;0,00388535;0,00593424;0,01690789;0,08903082;0,0952984;0,06573351;0,01930023;0,00471867;0,00213862;0,00067455;0,00581635;0,00734566;0,01321968;0,01623005;0,05185794;0,07030737;0,01024276;0,00125905;0,00055496;0,00005097;-0,00017723;-0,00034193;-0,00040568;-0,00023927;0;0;0;0;0;0;0;0;0;0;0;0,00001095
J3-D2-1D-T8;-0,00033362;-0,00032643;-0,0003457;-0,00032453;-0,00032654;-0,00033311;-0,00033128;-0,00036107;-0,00034546;-0,00036299;-0,00035102;-0,00035372;-0,00033796;-0,00035423;-0,00034328;-0,00036157;-0,0003343;-0,00035554;-0,00034252;-0,00033956;-0,00034704;-0,0003427;-0,00033583;-0,0003309;-0,00035505;-0,00035414;-0,00034789;-0,00034221;-0,00035253;-0,00035413;-0,00033534;-0,00034923;-0,00034809;-0,00034261;-0,00034412;-0,00034349;-0,00036042;-0,00034574;-0,00032934;-0,00007875;-0,00035727;-0,00032962;-0,00030129;-0,00032582;-0,00020944;-0,000258;-0,00029666;-0,00029571;-0,00027089;-0,00017022;-0,00020685;-0,00029312;-0,00026386;-0,0001057;-0,00005795;0,00010946;0,00036164;-0,00015956;-0,00018068;-0,00016008;-0,00024303;-0,00028351;-0,00028603;-0,00033769;-0,00008737;0,00017896;0,00027792;0,00074744;-0,00004117;0,00004914;0,00022949;0,00005192;-0,00011723;-0,00008257;0,00027205;-0,00006302;0,00000477;-0,00000988;0,00035878;-0,00014841;-0,00019574;-0,00028206;-0,00019993;-0,00028596;-0,00031274;-0,00035077;-0,00034864;-0,00035606;-0,00036517;-0,0003643;-0,0003694;-0,00035338;-0,00037175;-0,00036388;-0,00034655;-0,00034674;-0,00036389;-0,00037843;-0,00032978;-0,00035642;0;0;0;0;0;0;0;0;0;0;0;0;0;0;0;0;0;0;0;0;0;0;0;0;0;0;0;0;0;0;0;0;0;0;0;0;0;0,0010964;0,0017894;0,00154371;0,00143343;0,00159712;0,00216962;0,00253699;0,00222743;0,00068809;0,00086154;0,01148884;0,00308183;0,00165185;0,00258828;0,00253121;0,01744285;0,02666719;0,03943923;0,01754146;0,0299946;0,05169454;0,01812641;0,00729598;0,0048741;0,01299111;0,02123003;0,0460181;0,03252792;0,04496315;0,00579205;0,0024386;0,00817261;0,04466775;0,02400335;0,00176985;0,00177393;0,00158022;0,00468407;0,00426598;0,00216672;0,0020724;0,00128893;0,00110789;0,00232312;0,00467068;0,00367936;0,00278444;0,00176139;0,00009987;0,0007255;0,00131223;0,00241684;0,00561474;0,00184951;0,00410375;0,00393628;0,00489436;0,00605039;0,0020116;0,00266595;0,00793681;0,00889276;0,02479598;0,01725202;0,00556672;0,00433715;0,00235029;0,00062776;0,00058713;0,0016598;0,00529454;0,00310126;0,00144489;0,00306453;0,00390955;0,00158399;0,0119225;0,00262624;0,00384589;0,0112328;0,08647174;0,07179117;0,03757421;0,0110107;0,00276824;0,00110801;0,00077105;0,00782148;0,00806908;0,01619455;0,01189761;0,03400337;0,0412497;0,00519078;0,00091835;0,00044334;0,00008301;-0,00011002;-0,00021475;-0,00026658;-0,00014177;0;0;0;0;0;0;0;0;0;0;0;0,00000396
J3-D3-1D-T9;-0,00003371;-0,00001466;-0,00001186;-0,00000615;-0,00002323;-0,00002477;-0,00003534;-0,00002684;-0,00002048;0,00000597;0,00001018;-0,00000281;-0,00003869;0,00000505;-0,00005423;-0,00006275;-0,00002021;0,00000603;0,00000307;-0,00001537;-0,00002637;-0,00002482;-0,00002784;-0,00000739;-0,00004707;0,00000392;0,00001348;0,0000018;-0,00004511;0,00001483;-0,00001852;-0,00002326;-0,00000966;-0,00002947;0,00000733;-0,0000147;-0,00002501;0,00001106;0,00002864;0,0003425;0,00002149;0,00001819;0,00004179;0,00002759;0,00018839;0,0001113;0,00006881;0,00003876;0,00010155;0,00020334;0,00018112;0,0000858;0,00016356;0,00039829;0,00056532;0,00055169;0,00091927;0,0002075;0,00017032;0,00033144;0,00017183;0,00013752;0,00006809;0,0000552;0,00031915;0,00052209;0,00071413;0,00116668;0,00039359;0,00054227;0,00058138;0,00032626;0,00024907;0,00040831;0,0008075;0,00035595;0,00060418;0,00040096;0,00064685;0,00028418;0,00018106;0,0001241;0,00020779;0,00009424;0,00003514;0,0000208;0,00002327;0,00002629;0,00001655;0,00003578;0,00000755;0,00000984;0,00002496;0,00006533;0,00005041;0,0000733;0,00003064;0,00005539;0,00007388;0,00004709;0;0;0;0;0;0;0;0;0;0;0;0;0;0;0;0;0;0;0;0;0;0;0;0;0;0;0;0;0;0;0;0;0;0;0;0;0;0,00034533;0,00017092;0,00055213;0,00071737;0,00125264;0,00242188;0,00294204;0,00279234;0,00089168;0,00117225;0,00936602;0,00273505;0,00182777;0,00359502;0,00421528;0,01287534;0,02068683;0,024037;0,01441441;0,02211309;0,03352137;0,0183252;0,01079296;0,00600221;0,01337316;0,01193065;0,02435567;0,01838466;0,02373976;0,00627164;0,00234513;0,00689085;0,0376528;0,03220056;0,00154427;0,00164095;0,00167844;0,00535284;0,00566523;0,00280669;0,00263275;0,00153465;0,0010504;0,00246241;0,00565382;0,00531883;0,00419786;0,00210402;0,00014055;0,00084403;0,00173762;0,00300034;0,00683722;0,00243248;0,00456586;0,00487118;0,00472695;0,00488058;0,00201445;0,00331125;0,00946925;0,01123979;0,0322121;0,02171461;0,00754602;0,0048471;0,00255288;0,00083438;0,00080975;0,00150881;0,00422593;0,00279314;0,00133611;0,00243886;0,00321585;0,00151377;0,01568436;0,00271104;0,00491438;0,00870042;0,07397807;0,07800134;0,05614704;0,01565194;0,00420653;0,001642;0,00082981;0,00459151;0,00516003;0,01140486;0,01179374;0,04251553;0,06822381;0,008953;0,0019888;0,00123701;0,00063642;0,0003756;0,00021424;0,00011724;0,00001985;0;0;0;0;0;0;0;0;0;0;0;0,00000869
J3-D4-1D-T14;-0,00000027;-0,00000355;0,00000193;0,00000366;-0,00000679;-0,00000269;-0,00000122;-0,00000089;-0,00000536;0,00000285;0,0000007;-0,00000554;-0,00000006;0,00000583;-0,00000196;0,00000198;0,00000289;0,00000073;-0,00000918;-0,00000752;-0,00000533;0,00000072;-0,00000758;-0,00000782;-0,0000146;-0,00002357;-0,00000862;-0,00000877;0,00001134;0,00000168;0,00000273;0,00001475;0,00000753;0,00000677;-0,00000331;-0,00000924;0,00000036;0,00018785;0,00011334;-0,00000313;0,00005838;0,00003552;0,00004503;0,00017777;0,0000982;0,0000345;0,00003349;0,00009939;0,00017785;0,00011585;0,00005351;0,0000722;0,00020885;0,00031456;0,00062487;0,00047954;0,00016483;0,00017306;0,00021344;0,00011171;0,00006893;0,00005389;0,00003474;0,00039102;0,00040328;0,00066618;0,00083646;0,00038436;0,00034164;0,00058881;0,00015762;0,00019457;0,00052491;0,0003701;0,00022091;0,00029334;0,00043887;0,00039257;0,0001735;0,00010145;0,00006495;0,00016189;0,00003573;0,00000016;-0,00001271;-0,00001919;-0,00001793;-0,00002328;-0,00001418;-0,00002624;-0,00003428;-0,00002965;-0,00001929;-0,00002933;-0,00003278;-0,00003855;-0,00001815;-0,00002302;-0,00004797;-0,0000393;0;0;0;0;0;0;0;0;0;0;0;0;0;0;0;0;0;0;0;0;0;0;0;0;0;0;0;0;0;0;0;0;0;0;0;0;0;0,00037332;0,00080989;0,00084786;0,00124377;0,00205763;0,00264496;0,00163067;0,00079651;0,00202826;0,0081702;0,00258449;0,00177298;0,00381561;0,00288209;0,01636512;0,01905662;0,02512943;0,01333264;0,02282032;0,03380011;0,01283485;0,00672731;0,00556153;0,01298239;0,01375276;0,03067263;0,02308636;0,01922862;0,00640167;0,00210149;0,01168038;0,03915635;0,01239145;0,00127628;0,0011029;0,00170085;0,00551258;0,00352131;0,00229493;0,00223033;0,00133441;0,00177048;0,00354848;0,00574401;0,00411742;0,00304001;0,00117457;0,0003662;0,00095452;0,00162467;0,00412986;0,00471664;0,00237761;0,00478;0,00409203;0,00599139;0,00649241;0,00202067;0,00530711;0,00733315;0,01331893;0,02955293;0,01696906;0,00536553;0,00459237;0,00180248;0,00085785;0,00091036;0,00230843;0,00419318;0,0023269;0,00230625;0,00536195;0,00434289;0,0028846;0,00898717;0,00314999;0,00759418;0,03615643;0,09202817;0,09186397;0,03970719;0,0110224;0,00309797;0,00142451;0,00145775;0,00567753;0,00901634;0,01335426;0,02395463;0,05359407;0,03718648;0,00415559;0,00122998;0,00068102;0,00028921;0,00012169;0,0000298;-0,00003289;-0,00009014;-0,00005978;0;0;0;0;0;0;0;0;0;0;0;0,00001642
J4-D1-1D-T4;-0,0000815;-0,00009058;-0,0000937;-0,00008081;-0,00009702;-0,00009144;-0,00009487;-0,00009922;-0,00007591;-0,00011265;-0,0000956;-0,00007859;-0,00008251;-0,00009772;-0,00007583;-0,00010449;-0,00007639;-0,00008558;-0,0001221;-0,00010957;-0,00007301;-0,00008739;-0,00009898;-0,00011036;-0,00006793;-0,0001221;-0,00011414;-0,00008711;-0,00009473;-0,0000787;-0,00007153;-0,00007689;-0,00006984;-0,00007539;-0,00007537;-0,00006054;-0,00009522;-0,00007468;-0,00005457;0,00031438;-0,00006002;-0,00007644;-0,00004565;-0,00004794;0,00010604;0,00004752;-0,00003129;-0,00001557;0,00000846;0,00015867;0,00013296;-0,00000855;0,00005753;0,00027697;0,00050977;0,00057719;0,00093692;0,00013988;0,00011076;0,0002464;0,00010429;0,00004212;0,00001661;-0,00003959;0,00026319;0,0004616;0,00062062;0,00107968;0,00034956;0,00043642;0,0006162;0,00030636;0,00017969;0,00030313;0,0008194;0,00030481;0,00046511;0,00037347;0,00069043;0,00020653;0,00009591;0,00005027;0,00014754;0,00000327;-0,00004325;-0,00006702;-0,00008791;-0,00005748;-0,0000846;-0,00003972;-0,00009023;-0,00011862;-0,00006342;-0,00008423;-0,00003698;-0,0000411;-0,00008267;-0,00004135;-0,00003536;-0,00000749;0;0;0;0;0;0;0;0;0;0;0;0;0;0;0;0;0;0;0;0;0;0;0;0;0;0;0;0;0;0;0;0;0;0;0;0;0;0,00043003;0,00028508;0,00067767;0,00080107;0,00138042;0,00263462;0,00337465;0,00298906;0,00097469;0,00107506;0,00968536;0,00295368;0,00176541;0,00381795;0,00443779;0,00981957;0,0163451;0,01692166;0,01077149;0,01752804;0,02471128;0,01714151;0,01009937;0,00634849;0,01193172;0,00814434;0,01387517;0,01124189;0,01417277;0,00570219;0,00194881;0,00524008;0,03228858;0,03562336;0,00140916;0,00135934;0,00179643;0,00567465;0,00572979;0,00281515;0,00264343;0,00161314;0,00141356;0,00329075;0,00709467;0,00611535;0,00432257;0,00212923;0,00021807;0,00082581;0,00160573;0,00311813;0,00710412;0,0024968;0,003594;0,00457542;0,00515013;0,00586671;0,00224551;0,00341973;0,01003569;0,01104161;0,03252278;0,02179973;0,00830769;0,00536671;0,00276253;0,00095353;0,00088844;0,00172316;0,00480328;0,00320217;0,00161712;0,00321284;0,00406608;0,00199309;0,01251878;0,00301996;0,00534007;0,01200467;0,08771527;0,09251923;0,06574544;0,01959746;0,0052553;0,00256516;0,00102212;0,0060018;0,00633861;0,01369045;0,01504193;0,04860276;0,07274932;0,01009592;0,00200568;0,00124148;0,00059606;0,0003248;0,00011012;0,00002047;-0,0000094;0;0;0;0;0;0;0;0;0;0;0;0,0000061
J4-D2-1D-T7;-0,00003809;-0,00004964;-0,00006785;-0,00005131;-0,00004253;-0,00003091;-0,00005621;-0,00004964;-0,00003711;-0,00006542;-0,00004639;-0,00003748;-0,00004196;-0,00007144;-0,00004333;-0,00004486;-0,00003416;-0,00003818;-0,00002482;-0,00003412;-0,00004534;-0,00005124;-0,00005627;-0,00003704;-0,00004265;-0,00005032;-0,00003495;-0,00000509;-0,00004256;-0,00005213;-0,00004318;-0,00003202;-0,00006359;-0,00005388;-0,00004518;-0,00003669;-0,00002896;-0,00002263;0,00000685;0,00019985;-0,00000854;-0,00002646;0,00001026;-0,00002545;0,00009345;0,00005244;0,00000026;-0,00002303;0,00005103;0,00010931;0,00008961;0,00003906;0,00003021;0,00014746;0,00031031;0,00035932;0,00073034;0,0001504;0,00008437;0,00017859;0,00009267;0,00003982;0,00003791;0,00001294;0,00027689;0,00047674;0,00056937;0,00101308;0,00027646;0,00035938;0,00059513;0,00029312;0,00013719;0,00021645;0,00053101;0,00018575;0,00034446;0,00039479;0,00056269;0,00013499;0,0001097;0,00005569;0,0001198;0,00004816;-0,00004239;-0,0000464;-0,00005028;-0,0000279;-0,00002007;-0,00003762;-0,00001795;-0,00002931;-0,0000388;-0,00003852;-0,00002315;-0,00001131;-0,00000965;-0,00000232;0,00002414;-0,00003117;0;0;0;0;0;0;0;0;0;0;0;0;0;0;0;0;0;0;0;0;0;0;0;0;0;0;0;0;0;0;0;0;0;0;0;0;0;0,00015212;0,00019426;0,0002516;0,00039048;0,00073229;0,00142259;0,00205672;0,00184423;0,00046425;0,00068655;0,01058592;0,00361151;0,0016646;0,00246563;0,00294663;0,0165382;0,02839867;0,03659238;0,01833225;0,02793025;0,05004763;0,01835274;0,00681654;0,00471698;0,01324737;0,01912426;0,04600077;0,03434355;0,03893146;0,00597952;0,00195747;0,00837775;0,04282756;0,02423937;0,0017384;0,001471;0,00143386;0,00455501;0,00397038;0,0020585;0,00192087;0,00117905;0,0009989;0,00215334;0,0043228;0,00346047;0,00269029;0,00163912;0,00011431;0,00055512;0,0012575;0,00255447;0,00517781;0,00184733;0,00402886;0,00376688;0,00470193;0,00584904;0,00209022;0,00271716;0,00749099;0,0086394;0,02366036;0,01717833;0,00565778;0,00417423;0,00242578;0,00065662;0,0005458;0,00161226;0,00504134;0,00304468;0,00140027;0,00296688;0,00381664;0,00143493;0,01090215;0,00322864;0,00362237;0,0113343;0,08263912;0,07076936;0,03734944;0,0117711;0,00336638;0,00140341;0,00096883;0,00745097;0,00916362;0,01454835;0,01189513;0,03351345;0,03921072;0,00644392;0,00136989;0,00078191;0,00038762;0,00020174;0,00008359;0,0000073;-0,00003268;0;0;0;0;0;0;0;0;0;0;0;0,00000444
J4-D4-1D-T13;-0,00003545;-0,00002356;-0,00005452;-0,00002371;-0,0000251;-0,00003282;-0,00002651;-0,00003989;-0,00004507;-0,000027;-0,00002422;-0,00002471;-0,00003698;-0,00003626;-0,00005235;-0,00003922;-0,00006085;-0,00004679;-0,00004361;-0,0000267;-0,00003571;-0,00003258;-0,00003444;-0,00005631;-0,00006632;-0,00003449;-0,00003698;-0,00004909;-0,00001859;-0,00003417;-0,00004487;-0,00006098;-0,00006058;-0,00004516;-0,00007168;-0,00006909;-0,00009137;0,00004255;0,00012155;-0,00005075;-0,00000664;-0,00000508;-0,00004942;0,00009616;-0,00001583;-0,00004647;-0,00004248;0,00002497;0,00006919;0,00002518;-0,00003143;-0,00009173;0,00006125;0,00017216;0,00032095;0,00063731;0,00011365;0,0000643;0,00017772;0,00003404;-0,00001324;-0,00004164;-0,00009033;0,00016616;0,00022295;0,00047442;0,00082328;0,00026912;0,00029309;0,00044832;0,00010159;0,00011183;0,00026097;0,00042471;0,00017634;0,00018658;0,00029776;0,00034036;0,00010481;0,00008034;0,00000223;0,00006279;-0,00004243;-0,00010022;-0,00008913;-0,00012132;-0,00011806;-0,00012504;-0,00012774;-0,0001504;-0,00013388;-0,00015588;-0,00012528;-0,00014719;-0,00018085;-0,00019022;-0,00018246;-0,00015718;-0,00022605;-0,00023879;0;0;0;0;0;0;0;0;0;0;0;0;0;0;0;0;0;0;0;0;0;0;0;0;0;0;0;0;0;0;0;0;0;0;0;0;0;0,00080667;0,00163291;0,00150685;0,00166276;0,00237824;0,0030178;0,00218016;0,00110245;0,00164937;0,008257;0,00286391;0,00192549;0,00354159;0,0027215;0,01292192;0,02018828;0,02508823;0,01258694;0,0209756;0,03548206;0,01353792;0,00747382;0,00587416;0,01228468;0,0116718;0,03160522;0,02280479;0,02193933;0,00677885;0,00293132;0,00992831;0,03701876;0,0151691;0,00189231;0,00161308;0,00204015;0,00558494;0,00415603;0,0027442;0,00271657;0,00176663;0,00210644;0,00367424;0,00602986;0,00444451;0,00359839;0,00172537;0,00078991;0,00129388;0,00195516;0,00413914;0,00530307;0,00248509;0,00505223;0,0044138;0,00608647;0,00717811;0,00253558;0,00507187;0,00767789;0,01236372;0,02927792;0,01803403;0,00598171;0,00496224;0,00236486;0,00130736;0,0013552;0,0025264;0,00474567;0,00281585;0,00267288;0,00576476;0,00524503;0,00303716;0,00998475;0,00371984;0,00784416;0,03111644;0,09058976;0,09384849;0,03982079;0,01099464;0,00293683;0,00138798;0,00112744;0,00606117;0,00865624;0,01314991;0,02150004;0,05216955;0,0373139;0,00354801;0,00065586;0,00028238;-0,00001667;-0,00012819;-0,00017006;-0,00022954;-0,000259;-0,00011537;0;0;0;0;0;0;0;0;0;0;0;0,00002941
J5-D1-1D-T1;-0,00002193;-0,000035;-0,00000942;-0,00003703;-0,00002183;-0,00001714;-0,00003981;-0,00001633;-0,00001379;0,00000735;-0,00002162;-0,00001004;-0,00000895;-0,00002409;-0,00002964;0,00000038;0,00000646;0,00001031;0,00000598;0,00001945;0,00001502;0,00003815;0,00005646;0,00007132;0,00012186;0,00011776;-0,00002685;-0,00007396;0,00001087;-0,00009752;-0,0000627;-0,00005712;-0,00004732;-0,00001839;0,00002645;-0,00000796;0,00001734;0,00043212;0,00001347;0,00001054;0,00006803;0,00002;0,00002479;0,00022746;0,00014036;0,00005392;0,00005821;0,00014281;0,00029161;0,00013291;0,00006615;0,00022273;0,00050745;0,00056526;0,00128343;0,00028188;0,00018012;0,00030604;0,00020401;0,00015253;0,00014242;0,0001186;0,00010189;0,00053865;0,00055153;0,00082619;0,00107289;0,00046508;0,00040942;0,00088758;0,00021515;0,00034039;0,0009969;0,00034589;0,00044601;0,00061471;0,00066823;0,00062304;0,00025237;0,00016563;0,00016118;0,00024565;0,00002259;0,00001445;0,00002078;0,00004336;0,00006467;0,00007618;0,00008296;0,00006835;0,0000516;0,00006504;0,0000583;0,0001028;0,00006317;0,00008301;0,00008124;0,00010248;0,00009532;0,00009672;0;0;0;0;0;0;0;0;0;0;0;0;0;0;0;0;0;0;0;0;0;0;0;0;0;0;0;0;0;0;0;0;0;0;0;0;0;0,00017962;0,00053448;0,00087227;0,00144867;0,002585;0,00343485;0,00233039;0,00094764;0,00230204;0,00912037;0,00231043;0,00172172;0,00462954;0,00405845;0,01249727;0,01663834;0,01764159;0,01243571;0,01786911;0,02732987;0,01577169;0,00892483;0,00783147;0,01252585;0,00762596;0,01674528;0,01477628;0,01196585;0,00709217;0,0030419;0,01058663;0,05767858;0,01063867;-0,00093865;-0,00043515;0,00059151;0,00625433;0,00374595;0,0018609;0,00179232;0,0003711;0,00073964;0,00306496;0,00650448;0,0050445;0,0036518;0,00062106;-0,00038815;0,00041358;0,00113811;0,00437069;0,00521381;0,00185662;0,00354423;0,00396959;0,00488268;0,00517679;0,00107252;0,00538837;0,00764198;0,01278476;0,03419842;0,01942471;0,00614907;0,00482467;0,00189222;0,0004802;0,00043796;0,00164908;0,0045729;0,00186783;0,00098654;0,00332699;0,00277393;0,00114123;0,01166942;0,00173855;0,0040589;0,02913635;0,08105156;0,09493078;0,0542947;0,01451788;0,00563344;0,0021094;0,00109942;0,00655569;0,0081481;0,01372109;0,01719207;0,06102885;0,06062615;0,007361;0,00277917;0,00192545;0,00119874;0,00091443;0,00068364;0,00052179;0,00042022;0,00016307;0;0;0;0;0;0;0;0;0;0;0;0,00017256
J5-D2-1D-T6;-0,00003259;-0,00002408;-0,00003136;-0,00000576;-0,00004457;-0,00002462;-0,00001127;-0,00002465;-0,00003876;-0,00002162;-0,00001216;-0,00001418;-0,00001418;-0,00002551;-0,00003382;-0,00001898;-0,00001755;-0,00003349;-0,00002884;-0,00001434;-0,00002626;-0,00003435;-0,00004783;-0,00002786;-0,00008391;-0,00007944;0,00003492;0,00008166;-0,00000397;0,00002814;0,00003417;0,00002001;0,00001096;0,00000849;0,00001898;0,00002109;0,00001251;0,00019764;0,00012792;0,00004927;0,00005052;0,0000353;0,00005383;0,00016805;0,0001007;0,00004602;0,00005239;0,00009456;0,00019805;0,00011536;0,00009102;0,00013847;0,00036694;0,00032109;0,00081166;0,00024566;0,0001736;0,00021289;0,0001477;0,00012028;0,00010269;0,00007411;0,00006352;0,00052193;0,00047848;0,00074053;0,00097703;0,00035126;0,00035873;0,00079372;0,00018353;0,00025452;0,00057849;0,0002732;0,00034636;0,00037788;0,00053668;0,00047865;0,00016207;0,00014289;0,00011417;0,00016605;0,00003125;0,00001634;-0,00000891;-0,0000065;0,00001997;0,00002171;0,00004516;0,00003691;0,0000226;0,00004014;0,00003651;0,00002177;0,00001935;0,00006477;0,00006723;0,00007703;0,00006826;0,00008622;0;0;0;0;0;0;0;0;0;0;0;0;0;0;0;0;0;0;0;0;0;0;0;0;0;0;0;0;0;0;0;0;0;0;0;0;0;0,00014545;0,00032675;0,00042656;0,00083912;0,00167251;0,00222777;0,00148368;0,00061394;0,00197504;0,010897;0,00245733;0,00161315;0,00320933;0,00262595;0,02036544;0,02892604;0,03937228;0,0182345;0,03159009;0,05115137;0,01360257;0,00654082;0,00605712;0,01794429;0,01943485;0,0522872;0,03616465;0,03489538;0,0051737;0,00294237;0,01623183;0,0538301;0,00792236;-0,00037051;0,00022552;0,00047162;0,00449096;0,00261328;0,00135181;0,00138896;0,00033942;0,00059213;0,00192616;0,00412859;0,00299294;0,00245481;0,00071631;-0,00021881;0,00049696;0,00103716;0,00322639;0,00413852;0,00157945;0,00415427;0,00331472;0,00475542;0,00536576;0,00116625;0,00413826;0,00613296;0,0100025;0,02497961;0,01452528;0,00405537;0,00367702;0,00153598;0,00038116;0,00035812;0,0019076;0,00491979;0,00207238;0,00113349;0,00336622;0,0028299;0,00119288;0,01113402;0,00171633;0,00327166;0,0237799;0,07900697;0,06756739;0,02964716;0,00855509;0,00253957;0,00115499;0,00107376;0,00798642;0,0107366;0,0145025;0,01314573;0,03835528;0,03272272;0,0040328;0,00146496;0,00096391;0,00059322;0,00040745;0,00027381;0,00019637;0,00011515;0,00002693;0;0;0;0;0;0;0;0;0;0;0;0,00015194
J5-D3-1D-T11;0,00023263;0,00022784;0,00022506;0,00024754;0,0002294;0,0002736;0,0002188;0,00021982;0,0002344;0,00024572;0,0002435;0,00024899;0,00020427;0,00025789;0,00024418;0,00023089;0,0002211;0,00024223;0,00025696;0,00025887;0,00025503;0,00026822;0,00027151;0,0003071;0,00032566;0,00037958;0,00031043;0,00021545;0,00031206;0,00025417;0,00019272;0,0001915;0,00020903;0,0002251;0,00022387;0,00023311;0,00025606;0,00048092;0,00036544;0,0002364;0,0002572;0,00031542;0,0003221;0,00044469;0,00031576;0,00028859;0,00032315;0,00039362;0,00050187;0,00037941;0,00033366;0,00046259;0,00085082;0,00067498;0,00113568;0,00062489;0,00043646;0,00052856;0,00042064;0,00037348;0,00037369;0,00032752;0,00033591;0,00072885;0,0006988;0,00100782;0,00125022;0,00069397;0,00064303;0,00088863;0,00043147;0,00051499;0,00099961;0,00063368;0,00059044;0,00088391;0,000747;0,00077784;0,0005019;0,00040344;0,00035715;0,00045336;0,00027827;0,00025743;0,00026679;0,00026366;0,00023136;0,0002621;0,0002599;0,00030528;0,00026587;0,00027941;0,00027212;0,00029814;0,00026424;0,00033141;0,00027395;0,00028482;0,00028663;0,00030462;0;0;0;0;0;0;0;0;0;0;0;0;0;0;0;0;0;0;0;0;0;0;0;0;0;0;0;0;0;0;0;0;0;0;0;0;0;0,00022831;0,00070818;0,00085403;0,00137362;0,00233903;0,00306083;0,00226316;0,00096331;0,00211339;0,00874046;0,00237011;0,00168724;0,00410977;0,00364228;0,01471074;0,02089096;0,02375406;0,01523527;0,02251702;0,03354091;0,01637268;0,00973706;0,00760939;0,01443559;0,0122934;0,02632941;0,02052089;0,01927814;0,0073804;0,0031224;0,01047705;0,05365526;0,01468505;0,000527;0,00093755;0,00135073;0,00632966;0,00434276;0,00239205;0,00223787;0,00085419;0,00079527;0,0024033;0,00528227;0,00506235;0,00407057;0,00123749;0,00004853;0,00089582;0,00164988;0,00398979;0,00540695;0,0022264;0,00478658;0,00435109;0,00437573;0,0040587;0,00133941;0,00479221;0,00751281;0,01193231;0,03186137;0,01911374;0,00622999;0,00502371;0,00223446;0,00085758;0,00081416;0,0018181;0,00431206;0,00216857;0,00122472;0,00232162;0,00220915;0,00109266;0,01456448;0,00221642;0,00393035;0,01947496;0,06428323;0,07335822;0,0470002;0,01317813;0,00430397;0,00198811;0,00112688;0,00495133;0,00653134;0,01085335;0,01208947;0,04990633;0,05634296;0,00753183;0,00289897;0,00206919;0,00132768;0,00108874;0,0009322;0,00076333;0,00063862;0,00027442;0;0;0;0;0;0;0;0;0;0;0;0,00001492
J5-D4-1D-T16;-0,00000873;-0,00001717;0,00001554;-0,00000426;-0,00002438;-0,00002537;-0,00000577;-0,00000735;-0,00001459;-0,00000428;-0,00001122;-0,0000094;-0,00003023;-0,00001011;-0,00003896;-0,00003081;-0,00003335;-0,00001831;-0,00005138;-0,00003245;-0,000053;-0,00005217;-0,00006572;-0,00009771;-0,00008789;-0,00008676;0,00000002;0,00001475;0,00000233;0,00001306;0,00003011;0,00000892;0,00001565;-0,00000666;-0,00001816;-0,00001352;-0,00001779;0,00011532;0,00010265;-0,00000662;0,00004139;0,00001543;0,00003586;0,00013093;0,00009625;0,00001334;-0,00000251;0,00007561;0,00015805;0,00008153;0,00000905;0,00004826;0,00021927;0,00025712;0,00071111;0,00026404;0,00011859;0,00020341;0,00015645;0,00008804;0,00005653;0,00003055;-0,00001306;0,00030788;0,00034228;0,00057064;0,00085389;0,0003319;0,00032168;0,00054169;0,0001097;0,00017615;0,00052594;0,0002288;0,00018614;0,00027893;0,00036247;0,00038383;0,00013399;0,00007784;0,00002338;0,00010812;-0,0000483;-0,00005647;-0,00007516;-0,00005778;-0,00007621;-0,00010306;-0,00009638;-0,00011116;-0,00011655;-0,00009588;-0,00011404;-0,00012203;-0,00016085;-0,00015486;-0,00014988;-0,00014521;-0,00018416;-0,00013555;0;0;0;0;0;0;0;0;0;0;0;0;0;0;0;0;0;0;0;0;0;0;0;0;0;0;0;0;0;0;0;0;0;0;0;0;0;0,00068713;0,00149703;0,00142297;0,00175961;0,00245194;0,00304319;0,00230506;0,00135856;0,00212941;0,00845659;0,0030041;0,00242879;0,00402489;0,0032669;0,01402101;0,02141419;0,02595726;0,01323254;0,0220081;0,03694702;0,01370618;0,00782404;0,00684112;0,0134774;0,01198469;0,03301101;0,02370517;0,0231149;0,00732336;0,00300143;0,01149766;0,0410331;0,01242442;0,00044366;0,00057043;0,00122561;0,00541475;0,00347637;0,0021722;0,00219222;0,0011439;0,00163519;0,00323231;0,00541286;0,00425613;0,00348228;0,00136162;0,00055739;0,00114047;0,00167428;0,00401181;0,00506036;0,00225024;0,00489757;0,00418271;0,00578256;0,00667638;0,0023315;0,00506594;0,00734014;0,01214807;0,02899442;0,01759468;0,00575356;0,00464256;0,00206901;0,00104875;0,00112999;0,00232112;0,00453749;0,00257533;0,00251957;0,00520075;0,00470078;0,00278911;0,00963356;0,00340857;0,00758187;0,03129113;0,08821283;0,08875345;0,04059545;0,01078927;0,00265582;0,00117206;0,00092473;0,00594063;0,00845546;0,01298023;0,02214694;0,0508685;0,03890703;0,00378752;0,00073512;0,00032399;0,00005633;-0,00007948;-0,00017987;-0,00018615;-0,00019514;-0,00011933;0;0;0;0;0;0;0;0;0;0;0;0,00007145
J6-D1-1D-T2;0,00005324;0,00004097;0,00005378;0,00005245;0,00005214;0,00005219;0,00005542;0,00004268;0,00005301;0,00004867;0,00004465;0,00004764;0,00005171;0,00008107;0,00007791;0,0000621;0,00003904;0,00005237;0,00008744;0,00006938;0,00008147;0,00006691;0,00008742;0,00008994;0,00016548;0,00018616;0,00010445;0,00003103;0,00010139;0,00001501;0,00004287;0,00004497;0,00007495;0,0000645;0,00004913;0,00005574;0,00007363;0,00037589;0,00009934;0,00006686;0,00009384;0,00009423;0,00012392;0,00027338;0,00015213;0,00011513;0,00012653;0,00022091;0,00033212;0,00017463;0,00015297;0,0002577;0,00064646;0,00050286;0,00132571;0,00031124;0,000257;0,000397;0,00023459;0,00018789;0,00017981;0,00014066;0,00014673;0,00052443;0,00059121;0,0008699;0,00111253;0,00051153;0,00048285;0,00093683;0,00027492;0,00040374;0,00103496;0,00040398;0,00052271;0,00068948;0,00068328;0,00068763;0,0003189;0,00026022;0,00020456;0,00030408;0,00010066;0,00007363;0,00008131;0,00008186;0,00010035;0,00005188;0,00008525;0,00008608;0,00010252;0,00008084;0,00007791;0,00009376;0,000089;0,00012938;0,00014042;0,00011597;0,00012842;0,00019127;0;0;0;0;0;0;0;0;0;0;0;0;0;0;0;0;0;0;0;0;0;0;0;0;0;0;0;0;0;0;0;0;0;0;0;0;0;0,0002151;0,00061368;0,00083889;0,0014546;0,00272668;0,00344688;0,00231988;0,00103689;0,0022991;0,00898176;0,00233055;0,00181955;0,00458249;0,00399974;0,01223388;0,01623525;0,01723488;0,01220662;0,01764924;0,02651877;0,01565443;0,00894748;0,00774936;0,01238593;0,0077852;0,01645434;0,01450253;0,0117451;0,00722744;0,0030519;0,01030774;0,05693036;0,01064487;-0,00040907;-0,00003288;0,00091961;0,00657135;0,00391079;0,00210317;0,00194406;0,00061013;0,00098427;0,00326875;0,00674611;0,00531701;0,00386118;0,0007831;-0,00015154;0,00069828;0,00133543;0,00453753;0,00527504;0,00204692;0,00378064;0,0041052;0,0050359;0,00509542;0,00127397;0,00568468;0,00772108;0,01282983;0,03340634;0,01917982;0,0062853;0,00505806;0,00203606;0,00074924;0,00068071;0,00194139;0,00481652;0,00213436;0,00133136;0,00345459;0,00295824;0,00156849;0,01176189;0,00224173;0,0046607;0,03027885;0,07846091;0,09168288;0,05406687;0,01400496;0,00538294;0,00199214;0,00116022;0,00655925;0,00826623;0,01369985;0,017256;0,05943059;0,05951802;0,00652123;0,00239297;0,00164561;0,00097672;0,00073992;0,00055287;0,00045306;0,00032927;0,00012965;0;0;0;0;0;0;0;0;0;0;0;0,00018639
J6-D2-1D-T5;-0,00056305;-0,00053975;-0,00055132;-0,00052444;-0,00053545;-0,00051962;-0,00052734;-0,00052511;-0,00053886;-0,00055079;-0,00052475;-0,00050931;-0,00051911;-0,00053648;-0,00051897;-0,00051697;-0,00053473;-0,00054433;-0,00051316;-0,00052059;-0,00053432;-0,00048884;-0,00051114;-0,00051018;-0,00049378;-0,0004662;-0,00039642;-0,00042338;-0,00052149;-0,00052836;-0,00052615;-0,00055243;-0,0005257;-0,00052141;-0,00056239;-0,00053057;-0,00051325;-0,00052296;-0,0005296;-0,00021688;-0,00053149;-0,0004956;-0,0004544;-0,00048376;-0,00038255;-0,00040397;-0,00050714;-0,0004684;-0,00045913;-0,00030964;-0,00040668;-0,0004604;-0,00044603;-0,00021477;-0,00022408;0,00007304;0,00008288;-0,0003044;-0,00033643;-0,00030489;-0,00036081;-0,00040766;-0,0004235;-0,00049001;-0,00017995;0,00001633;0,00016971;0,00068783;-0,00015728;-0,00003096;0,00013192;-0,00008015;-0,00022216;-0,00018134;0,00014071;-0,0001225;-0,00005818;-0,00006588;0,00025659;-0,00024206;-0,00025597;-0,00036157;-0,0002545;-0,0003953;-0,00042945;-0,00042689;-0,00044267;-0,00043436;-0,00044766;-0,00044555;-0,00043535;-0,00045751;-0,00046588;-0,00042699;-0,00046615;-0,00043284;-0,00047518;-0,00044239;-0,00038887;-0,0004357;0;0;0;0;0;0;0;0;0;0;0;0;0;0;0;0;0;0;0;0;0;0;0;0;0;0;0;0;0;0;0;0;0;0;0;0;0;0,00028773;0,00048167;0,00053821;0,00060323;0,0008616;0,0015618;0,00233824;0,00195567;0,00061227;0,00112573;0,01205273;0,00319948;0,00207634;0,00322395;0,00360966;0,02021765;0,02845891;0,04144731;0,02055712;0,03215102;0,05408033;0,02030524;0,00751469;0,00592393;0,01830764;0,02025587;0,05262217;0,03285099;0,05103813;0,0057034;0,00316052;0,01555083;0,05243145;0,01704841;-0,0013009;-0,00031584;-0,00000019;0,00411882;0,0030822;0,00115161;0,00119644;0,00016596;0,00026522;0,00156832;0,00417084;0,00322974;0,00227338;0,0011978;-0,00039704;0,0004049;0,00107453;0,00239628;0,0054617;0,00161563;0,0040236;0,0037654;0,00492542;0,00629071;0,00177908;0,00313396;0,00818335;0,0097287;0,02596327;0,01672482;0,004625;0,00382304;0,00189072;0,00034029;0,00040705;0,00177446;0,00556399;0,00302007;0,00157267;0,00363549;0,00431132;0,00219501;0,01319452;0,00319087;0,00559602;0,01576288;0,09103139;0,07374096;0,03271566;0,00772121;0,0007738;-0,00029538;0,00003954;0,00757809;0,00885161;0,01602167;0,01237973;0,03661133;0,03696371;0,00181648;-0,00127137;-0,00139881;-0,00150506;-0,00154377;-0,00150975;-0,0014658;-0,00072936;0;0;0;0;0;0;0;0;0;0;0;0,00000668
J6-D3-1D-T12;-0,0000187;-0,00001135;-0,00000505;0,00001148;0,00001349;0,00001496;0,00001736;0,00000577;0,00000033;0,00002247;0,00001206;-0,00003181;-0,00001612;-0,0000197;0,00000738;0,00000701;0,00000855;0,00000801;0,00001138;-0,00000484;0,00000362;-0,0000037;-0,00002594;-0,00003253;-0,00002485;0,00003681;0,00016872;0,00012675;0,00005097;0,00007926;0,00001671;0,00004078;0,00000229;0,00002389;0,00003472;0,00001016;0,00000431;0,00015513;0,00020086;0,00004947;0,00004594;0,00003688;0,0000721;0,0001967;0,00011961;0,0000388;0,0000314;0,00012269;0,00024766;0,00009665;0,00009369;0,00013298;0,00054105;0,00035268;0,00088684;0,00040794;0,00019614;0,00030304;0,00023482;0,00016127;0,00011192;0,00011862;0,00003837;0,00041938;0,0004421;0,00069306;0,00107795;0,00046156;0,00044343;0,00067925;0,00023852;0,00030638;0,00075511;0,0004431;0,00035343;0,00062934;0,00052408;0,00056515;0,00033863;0,00022704;0,00015627;0,00028422;0,0000595;0,00003092;-0,0000094;0,00000368;-0,0000069;-0,00000515;-0,00002856;-0,00001685;-0,00000896;-0,00005022;-0,00004567;-0,00003829;-0,0000343;-0,00003842;-0,00005445;-0,00002365;-0,00008821;-0,00005071;0;0;0;0;0;0;0;0;0;0;0;0;0;0;0;0;0;0;0;0;0;0;0;0;0;0;0;0;0;0;0;0;0;0;0;0;0;0,00089381;0,00186759;0,00194575;0,00240282;0,00323506;0,00374436;0,00312535;0,00188498;0,00272421;0,00935626;0,00327731;0,00259026;0,00472229;0,00453515;0,01536569;0,02053935;0,02389881;0,01532475;0,02203511;0,03431002;0,01706722;0,01003611;0,00821245;0,01538432;0,01185283;0,02750295;0,02114071;0,02006421;0,00850297;0,00427024;0,01264812;0,05490443;0,01301016;0,00055993;0,0011164;0,00166837;0,00672942;0,00456021;0,00275922;0,00264131;0,00123141;0,00134192;0,00302532;0,00594509;0,00560236;0,0045102;0,00158562;0,00065923;0,00165475;0,00243062;0,00482972;0,00589997;0,00304806;0,00555277;0,00508252;0,00511105;0,00486387;0,00231242;0,00621959;0,00868167;0,01359125;0,0319086;0,01832829;0,00592743;0,00527206;0,00258494;0,00149599;0,0016535;0,00285717;0,00526861;0,00305174;0,00246204;0,00372553;0,0036749;0,00334292;0,0158309;0,00413418;0,00681602;0,0225376;0,06686429;0,07104598;0,04108748;0,00898736;0,00208677;0,00078264;0,00081604;0,00480548;0,00739135;0,01124798;0,01344582;0,05125619;0,04937685;0,00255418;0,00007448;-0,00018389;-0,00040518;-0,00041987;-0,00048183;-0,00045242;-0,00043346;-0,00020754;0;0;0;0;0;0;0;0;0;0;0;0,0001287
J6-D4-1D-T15;0,00000387;-0,00000995;-0,00001462;-0,0000515;0,00000126;-0,00001491;-0,00001342;-0,0000004;0,00000627;-0,00000905;-0,00002018;-0,00001743;-0,00000491;-0,00001219;-0,00001404;-0,00000098;-0,00000032;-0,00000917;-0,0000146;-0,00000869;0,0000185;0,00001704;-0,00000232;0,0000037;-0,00001851;-0,00007881;-0,0001471;-0,00004002;-0,00000824;-0,00016549;-0,00010369;-0,00004511;-0,00005108;-0,00003136;-0,00005262;-0,00001531;-0,00003178;0,00021388;0,00008832;-0,00001048;0,00003594;0,00003247;0,00000814;0,00013939;0,00006738;0,00002906;0,00002401;0,00009443;0,00021035;0,00011208;0,00004354;0,00009423;0,00027283;0,00026873;0,00069708;0,00029767;0,00011745;0,00019893;0,00014929;0,00008993;0,00002575;0,00004038;0,00002229;0,00036353;0,00040762;0,00067324;0,00086363;0,00032821;0,00034918;0,0005443;0,00015583;0,00018372;0,00055066;0,00026909;0,00019736;0,00027937;0,00038154;0,00042717;0,00015586;0,00007469;0,00004618;0,00012642;0,00000572;-0,00004301;-0,00003059;-0,00003291;-0,00002586;-0,00003748;0,00000765;-0,00001191;-0,00002564;-0,0000221;0,00000186;-0,00000884;-0,00005037;-0,00003284;-0,00000989;0,00001744;-0,00001304;0,00000061;0;0;0;0;0;0;0;0;0;0;0;0;0;0;0;0;0;0;0;0;0;0;0;0;0;0;0;0;0;0;0;0;0;0;0;0;0;0,00018218;0,00046035;0,00047071;0,0008831;0,00167911;0,00241803;0,00158558;0,00074383;0,00186507;0,00793944;0,00263932;0,0018098;0,00354522;0,0029841;0,01446982;0,0212286;0,02587736;0,01378167;0,02282528;0,03582322;0,01462156;0,00770819;0,0059398;0,01322379;0,01435468;0,03146671;0,02412837;0,02409119;0,00752867;0,00264619;0,0104624;0,04177807;0,01493076;0,00014296;0,00016614;0,00078067;0,00502018;0,00317086;0,001681;0,00160073;0,00052973;0,00095474;0,00259295;0,00508537;0,00393637;0,00287293;0,00086532;-0,0001201;0,00041536;0,00097111;0,00317465;0,0047692;0,00164073;0,00416872;0,00362556;0,00514962;0,00631018;0,00183548;0,00396265;0,00679601;0,0110442;0,02918922;0,01871369;0,00616787;0,00437417;0,00173529;0,00050848;0,00038447;0,00140272;0,0037058;0,00188951;0,00145593;0,00419246;0,00403756;0,00138506;0,00823766;0,00170684;0,00466689;0,02770027;0,08599843;0,09663533;0,04684346;0,01481645;0,0044254;0,00200973;0,00108691;0,00602223;0,00775042;0,01275839;0,0205817;0,05327709;0,04364954;0,00765528;0,00243133;0,00163404;0,00104109;0,00071602;0,00053609;0,0004347;0,0003465;0,00014219;0;0;0;0;0;0;0;0;0;0;0;0,00004597
J7-D1-1D-T3;0,00005664;0,00008199;0,00007106;0,00007896;0,00007749;0,00004433;0,00005623;0,00005794;0,00004941;0,00005495;0,00008539;0,00004843;0,00006638;0,00007038;0,00009523;0,00011407;0,000101;0,00008112;0,00010889;0,00006568;0,00009204;0,00008201;0,00009116;0,00007469;0,00006479;0,00001242;-0,00001718;0,00007925;0,00002939;0,00002704;0,00022511;0,00017153;0,00015328;0,00015399;0,00015838;0,00018732;0,00014992;0,00035781;0,00036968;0,0001868;0,00021917;0,00022897;0,00024629;0,00037695;0,00032366;0,00026838;0,00022978;0,00031527;0,00047746;0,00033981;0,00028316;0,00043784;0,00074153;0,00063172;0,00130067;0,00061991;0,00038461;0,0005125;0,00038125;0,00034236;0,00038147;0,00030744;0,00030984;0,00065453;0,00076999;0,00098755;0,00131039;0,00065544;0,00073123;0,00105398;0,00049813;0,00057766;0,00102542;0,00076223;0,00070048;0,00087667;0,00082311;0,00095288;0,00050236;0,00044793;0,0004203;0,00053896;0,00035373;0,00028929;0,00031109;0,00030727;0,00034257;0,00036697;0,00039797;0,00039627;0,0003661;0,00039988;0,00041888;0,00046026;0,00043631;0,00046885;0,00049704;0,00050718;0,00053164;0,00052933;0;0;0;0;0;0;0;0;0;0;0;0;0;0;0;0;0;0;0;0;0;0;0;0;0;0;0;0;0;0;0;0;0;0;0;0;0;-0,00000131;0,0003623;0,00070817;0,00136657;0,00257555;0,0034988;0,00274916;0,00125092;0,00219908;0,00928383;0,00330443;0,00243977;0,00475053;0,00499994;0,01238155;0,01734426;0,01752012;0,01257164;0,01787718;0,02636916;0,0164439;0,00928926;0,0072809;0,0122275;0,00864875;0,01564977;0,01396429;0,01345996;0,00776819;0,00366519;0,01027906;0,05100455;0,02021611;-0,00187591;-0,0009387;0,00029792;0,00544188;0,00387727;0,0016176;0,00160039;0,00041212;0,0009258;0,00306966;0,00660336;0,00522329;0,00365645;0,00093182;-0,00010742;0,00069608;0,0016056;0,00424598;0,00612947;0,00238822;0,00387174;0,00452405;0,00527465;0,00564642;0,00223715;0,00561238;0,00925538;0,01278549;0,03288519;0,01956941;0,00642031;0,0041426;0,00182469;0,00058792;0,00077406;0,00198999;0,00483529;0,00286629;0,00199878;0,00407456;0,00430048;0,00303008;0,01289753;0,004541;0,00763856;0,02625773;0,0835103;0,08823181;0,05460263;0,01282317;0,00225422;0,00030146;-0,0001106;0,00549724;0,00749063;0,01339197;0,01749288;0,05407103;0,06060306;0,00484333;-0,00094643;-0,00116726;-0,00124415;-0,00135945;-0,00141732;-0,00139533;-0,00139015;-0,00064616;0;0;0;0;0;0;0;0;0;0;0;0,00002655
J7-D2-1D-T8;-0,00001279;-0,00001586;-0,00000711;0,00000107;-0,00001171;-0,00000813;-0,0000258;0,00000772;-0,00000529;-0,00001705;-0,0000171;-0,0000076;0,00000192;-0,00000674;-0,0000016;-0,00002874;-0,0000287;-0,00002582;0,00000056;-0,00002606;-0,00000552;-0,00002034;-0,00003625;-0,00006821;-0,0000837;-0,00010605;-0,00005848;0,00001068;-0,00002111;0,00000326;0,00003538;0,00000533;0,00000522;0,00000599;-0,00000326;-0,00001967;-0,00002177;0,00003974;0,00019378;0,00001278;0,00003096;0,00000591;0,00001546;0,00011036;0,00007616;0,0000266;0,0000239;0,00007614;0,0001514;0,00007653;0,00000088;0,00006088;0,00025297;0,00023218;0,00073049;0,0002665;0,00014085;0,00018814;0,00012731;0,00010569;0,0000534;0,00002552;-0,00001095;0,0003477;0,00039879;0,00055264;0,00102547;0,00030165;0,00029824;0,00072309;0,00021127;0,0002272;0,00050194;0,00031173;0,00029805;0,00036084;0,0004541;0,00051987;0,00019087;0,00013275;0,00008497;0,00016339;0,0000274;0,00002469;0,00000333;-0,00000869;-0,000021;-0,00000659;-0,00000903;-0,00001597;-0,00004721;-0,0000523;-0,00004504;-0,00004516;-0,00005823;-0,00005766;-0,00003531;-0,00006301;-0,00008543;-0,00008384;0;0;0;0;0;0;0;0;0;0;0;0;0;0;0;0;0;0;0;0;0;0;0;0;0;0;0;0;0;0;0;0;0;0;0;0;0;0,00060963;0,00118295;0,00120969;0,00145265;0,00205434;0,00254585;0,00199132;0,00096209;0,00161666;0,01097575;0,00296508;0,00188235;0,00315938;0,00275003;0,01784992;0,02716354;0,03741988;0,01707193;0,02829516;0,0515998;0,01484934;0,00699021;0,00626184;0,0174453;0,01670622;0,05104268;0,03527071;0,03706072;0,00722174;0,00438067;0,01729893;0,05380182;0,00951675;0,00023263;0,00085431;0,00109399;0,00495568;0,00327932;0,00192815;0,00201893;0,00099307;0,00123736;0,00241633;0,00455252;0,00358296;0,00313348;0,00135131;0,00043126;0,00118161;0,0016584;0,00363166;0,00470984;0,00211982;0,00465099;0,00387142;0,00511719;0,00568601;0,00186513;0,00446857;0,00691656;0,01003492;0,02386973;0,01453526;0,00462946;0,00455215;0,00223729;0,00104728;0,00109734;0,00264218;0,00568174;0,00288461;0,00202472;0,00385768;0,00359865;0,00238387;0,01197441;0,00327302;0,0054216;0,02153584;0,07752187;0,06135184;0,0280284;0,00756845;0,00200647;0,00098895;0,00116705;0,00792065;0,01075448;0,01423058;0,01263869;0,0355731;0,03089389;0,00248972;0,00046532;0,00022146;0,00000204;-0,0000813;-0,00012602;-0,00014945;-0,0001549;-0,00007584;0;0;0;0;0;0;0;0;0;0;0;0,00001359
J7-D3-1D-T9;-0,00082218;-0,00080647;-0,00079504;-0,00081832;-0,00080303;-0,00083128;-0,00081471;-0,00086625;-0,00082347;-0,00082304;-0,00080991;-0,00082065;-0,00083494;-0,00082754;-0,00084398;-0,0008117;-0,00084708;-0,00083774;-0,0008606;-0,00084716;-0,00086024;-0,00088062;-0,00082658;-0,00086197;-0,00086117;-0,00088317;-0,00084445;-0,00070493;-0,00068132;-0,00073935;-0,00070736;-0,00072507;-0,0008036;-0,00078914;-0,00078173;-0,00081099;-0,00084764;-0,00084568;-0,0008612;-0,00040374;-0,00080582;-0,00078985;-0,00076339;-0,00081755;-0,00064153;-0,00068674;-0,00076699;-0,00078161;-0,00071457;-0,00058772;-0,00060736;-0,00073938;-0,00069245;-0,00044053;-0,00027345;-0,00029958;0,00028663;-0,00050978;-0,00063065;-0,0004209;-0,00060814;-0,00070624;-0,00073046;-0,00079174;-0,00060609;-0,00028907;-0,00012525;0,00049562;-0,00032892;-0,00018823;-0,00021125;-0,00035648;-0,00052409;-0,00045938;0,0001592;-0,00043008;-0,00013881;-0,00034714;0,00001397;-0,00043076;-0,00055417;-0,00066172;-0,00052643;-0,00070129;-0,00077845;-0,00077812;-0,00079504;-0,00080763;-0,00083484;-0,00083375;-0,00082697;-0,00086941;-0,00090209;-0,00085307;-0,00089723;-0,00091028;-0,00092533;-0,00092245;-0,00086938;-0,00092046;0;0;0;0;0;0;0;0;0;0;0;0;0;0;0;0;0;0;0;0;0;0;0;0;0;0;0;0;0;0;0;0;0;0;0;0;0;0,00066911;0,00071785;0,00102825;0,00104935;0,00143393;0,0025255;0,00309247;0,00317263;0,00104129;0,00116672;0,01020825;0,00322302;0,00186481;0,00358358;0,00450451;0,01365609;0,02291426;0,02611125;0,01607063;0,02423014;0,03817016;0,02213225;0,01310464;0,00717081;0,01637306;0,0140834;0,02821645;0,01891887;0,03241616;0,01046979;0,00511003;0,01243413;0,05522108;0,03114181;-0,00114573;0,00007583;0,00064144;0,00517833;0,00545952;0,00237824;0,00218632;0,00086007;0,00045141;0,00187326;0,00543625;0,00564647;0,00420793;0,00208003;-0,0001964;0,00062838;0,00159673;0,00303836;0,00741459;0,00255821;0,0047144;0,00506861;0,0049138;0,00502528;0,00200253;0,00350871;0,0104731;0,01242369;0,03497638;0,02293634;0,00774661;0,00491742;0,00240283;0,00066842;0,00071259;0,00161499;0,00457142;0,00301324;0,00159518;0,00283436;0,00359126;0,00226754;0,01745512;0,00348564;0,00673325;0,01214082;0,08054187;0,08093206;0,0566948;0,01395222;0,00253546;0,00038375;-0,00003992;0,00448908;0,00531754;0,01256256;0,01335595;0,04698634;0,07009558;0,00594369;-0,00036385;-0,00076067;-0,0010788;-0,00117199;-0,00122951;-0,00120854;-0,00062845;0;0;0;0;0;0;0;0;0;0;0;0,00002147
J7-D4-1D-T14;-0,00001291;0,00000125;-0,00000128;-0,000016;0,00000574;0,00000587;-0,00000743;-0,00000337;-0,00000042;-0,00000461;-0,00000316;0,00000071;-0,00001791;0,00000278;-0,00001189;-0,00003331;-0,00000647;-0,00000113;-0,00002067;0,00000326;-0,00000972;-0,0000047;0,00000419;-0,00000784;0,00003156;0,00009904;0,00017582;0,00002308;0,00000235;0,00005669;0,00000535;0,00000679;0,00002241;0,00001126;-0,00001779;0,00000136;0,00000139;0,00007893;0,00019934;0,00000036;0,00004066;0,00005412;0,00005177;0,00016103;0,00008823;0,0000377;0,00003599;0,00008586;0,00020401;0,00011932;0,0000497;0,00008289;0,00022138;0,00026115;0,0006682;0,00038365;0,00016966;0,00021125;0,00017897;0,00010618;0,00005423;0,00004763;0,00001617;0,00035403;0,00037585;0,00061444;0,00090126;0,00036016;0,0003755;0,00055419;0,00017719;0,00022229;0,00046394;0,00042548;0,00021712;0,00031016;0,00040371;0,00042782;0,00018544;0,00012553;0,0000958;0,00016885;0,00001681;-0,00001431;-0,00000575;-0,00000995;-0,0000264;-0,00002972;0,00000268;-0,00002082;-0,00004724;-0,00003479;-0,00004303;-0,00002091;-0,00005705;-0,00005076;-0,0000254;-0,00002528;-0,00004848;-0,00000963;0;0;0;0;0;0;0;0;0;0;0;0;0;0;0;0;0;0;0;0;0;0;0;0;0;0;0;0;0;0;0;0;0;0;0;0;0;0,0007129;0,00141389;0,00136609;0,00164471;0,00233876;0,00301286;0,00222979;0,0013254;0,00227857;0,00859472;0,00301695;0,00237321;0,00392882;0,00371566;0,01536868;0,01915845;0,024974;0,01385999;0,02194269;0,03421283;0,01510377;0,00758771;0,00617764;0,01409049;0,01301156;0,03099029;0,02328801;0,02353075;0,00797654;0,00348536;0,01323756;0,04063877;0,01431541;0,00039336;0,00054599;0,00123693;0,00528212;0,00345906;0,00210914;0,0020655;0,00110233;0,00151548;0,00307043;0,00533125;0,00427167;0,00321769;0,00141034;0,00043766;0,00108003;0,00162803;0,00367289;0,00513586;0,00231021;0,00458081;0,00408144;0,00562464;0,00662152;0,00230551;0,00475186;0,00756256;0,01212859;0,0284821;0,01755148;0,00588822;0,00484121;0,00212533;0,00107663;0,00110014;0,00230446;0,00447861;0,00262015;0,00241159;0,00514653;0,00478034;0,00298475;0,00926987;0,00340523;0,00737824;0,02930674;0,0879757;0,08984652;0,0401159;0,0112878;0,00287227;0,00126928;0,0011951;0,00557813;0,00841297;0,01269283;0,02129955;0,05103621;0,03796238;0,00427346;0,00091044;0,00038175;0,00009724;-0,00001308;-0,00007815;-0,00011004;-0,00012179;-0,00007074;0;0;0;0;0;0;0;0;0;0;0;0,00000151
J8-D1-1D-T4;-0,00080294;-0,00079684;-0,00079688;-0,00080363;-0,00079102;-0,00080853;-0,00082194;-0,00078681;-0,00082452;-0,00079166;-0,0008251;-0,0007906;-0,00078604;-0,00082067;-0,00082007;-0,00081803;-0,00080909;-0,00083128;-0,00081408;-0,00080103;-0,00084824;-0,00081922;-0,00078099;-0,00081984;-0,00082913;-0,00082213;-0,00075518;-0,00060388;-0,00069564;-0,00076789;-0,00072279;-0,00078316;-0,00084549;-0,00083369;-0,00079213;-0,00079437;-0,00083572;-0,00084601;-0,00083744;-0,00039322;-0,00082162;-0,00081309;-0,00078542;-0,00081321;-0,00059115;-0,00068246;-0,00071091;-0,00078799;-0,00076036;-0,00051434;-0,00067958;-0,00078429;-0,00067102;-0,0002441;-0,00045108;0,00032772;-0,00027561;-0,00059682;-0,00050531;-0,0006164;-0,00067213;-0,00065027;-0,00070375;-0,00084253;-0,00050215;-0,00027421;-0,00015697;0,00050198;-0,00037348;-0,00024504;-0,00011222;-0,00038383;-0,00050143;-0,00038641;0,0001241;-0,0003696;-0,00013768;-0,00031648;0,000073;-0,00043904;-0,00056415;-0,00064522;-0,00054496;-0,00075337;-0,00079311;-0,00082059;-0,00089412;-0,00086737;-0,00086282;-0,00088305;-0,0008904;-0,00089222;-0,00089892;-0,00091842;-0,00090288;-0,00091495;-0,00093502;-0,000924;-0,00089558;-0,00094387;0;0;0;0;0;0;0;0;0;0;0;0;0;0;0;0;0;0;0;0;0;0;0;0;0;0;0;0;0;0;0;0;0;0;0;0;0;0,00075035;0,00102315;0,00126045;0,00124081;0,00164212;0,00290792;0,00382462;0,00335436;0,00127959;0,00126667;0,01030776;0,0033669;0,0022921;0,0039645;0,00482138;0,01098386;0,01833277;0,01885414;0,012817;0,01919392;0,02813899;0,02018845;0,01169759;0,00795301;0,01476196;0,00917499;0,01720106;0,01346208;0,01892195;0,00985793;0,0043813;0,01101629;0,04966546;0,03293773;-0,00141363;-0,00057681;0,00046623;0,00558102;0,00516859;0,00220137;0,00206872;0,00056886;0,000811;0,00277003;0,00712304;0,00619266;0,00427277;0,00164038;-0,00012807;0,00056269;0,00146795;0,00326918;0,00754895;0,00244703;0,00379127;0,00483267;0,00541072;0,00602546;0,0021278;0,00421402;0,01069119;0,01208759;0,03557536;0,02275012;0,00819636;0,00519047;0,00247062;0,0007482;0,00078822;0,0018245;0,00510985;0,0033163;0,00187711;0,00368029;0,0044422;0,00264076;0,01418963;0,00380597;0,00713931;0,01608976;0,09542694;0,0961654;0,06562024;0,01717001;0,00354451;0,00129066;0,00023866;0,00613378;0,00734128;0,01477647;0,01734565;0,05374142;0,07451962;0,00627487;-0,00048316;-0,00085085;-0,00118392;-0,00126164;-0,00131112;-0,00129826;-0,00066003;0;0;0;0;0;0;0;0;0;0;0;0,00001574
J8-D2-1D-T7;-0,00054474;-0,00054493;-0,0005055;-0,00050807;-0,00054478;-0,00052596;-0,00050299;-0,00052512;-0,0005236;-0,00053758;-0,00051755;-0,0005076;-0,00051015;-0,00052343;-0,00052393;-0,00052384;-0,00054185;-0,00053851;-0,00052979;-0,00054983;-0,00053158;-0,00054863;-0,00052767;-0,00057406;-0,00061359;-0,00065042;-0,00059844;-0,00055217;-0,00055891;-0,00068477;-0,00057633;-0,00054817;-0,00054051;-0,00051643;-0,00051145;-0,00051488;-0,00053898;-0,00042201;-0,00034432;-0,00051751;-0,00049155;-0,00050782;-0,00049134;-0,0004082;-0,00043377;-0,00051309;-0,00048602;-0,0004564;-0,00035343;-0,00039594;-0,00048704;-0,00046219;-0,0002405;-0,00023103;0,000182;-0,00009853;-0,00031263;-0,00034605;-0,00037371;-0,00042165;-0,00043941;-0,00045229;-0,00052108;-0,00020449;-0,00003808;0,00014007;0,00054081;-0,00013778;-0,00013695;0,00020372;-0,00023619;-0,00028728;-0,00002312;-0,00013826;-0,00019328;-0,00013091;-0,00005916;0,00007963;-0,00029312;-0,00040239;-0,00041663;-0,00036928;-0,00047556;-0,00052007;-0,00053955;-0,00053132;-0,0005337;-0,00055682;-0,00054422;-0,0005334;-0,00053863;-0,00057022;-0,00057774;-0,00056327;-0,00055762;-0,00056827;-0,00058207;-0,00055408;-0,00060193;-0,00060116;0;0;0;0;0;0;0;0;0;0;0;0;0;0;0;0;0;0;0;0;0;0;0;0;0;0;0;0;0;0;0;0;0;0;0;0;0;0,00028005;0,00058065;0,00068414;0,00101811;0,00165651;0,00228581;0,00173904;0,00052884;0,0015675;0,0109654;0,00337153;0,00172577;0,00316082;0,00303628;0,02018297;0,03094592;0,04003824;0,01966146;0,03251655;0,05463506;0,01720543;0,00731828;0,00575066;0,01694449;0,02227831;0,05326077;0,03930824;0,041346;0,00732599;0,00338935;0,01477522;0,05612752;0,01527528;-0,00001817;0,00035054;0,00068287;0,00474864;0,00319512;0,00142686;0,00140725;0,00039479;0,00061468;0,00199136;0,0043799;0,00320068;0,00264033;0,00094817;-0,0002296;0,0004936;0,00117011;0,00313639;0,00481748;0,00174854;0,00424698;0,0037065;0,00497002;0,00568177;0,00169829;0,00409918;0,00708458;0,01022101;0,02567826;0,01601511;0,00480244;0,00423205;0,00186131;0,00040242;0,00044346;0,00196336;0,00541069;0,00266921;0,00152098;0,00348202;0,00352356;0,00188795;0,01212799;0,00317337;0,00492876;0,02560963;0,08136182;0,06942956;0,03262465;0,0086751;0,00161341;0,00027551;0,0004298;0,00809457;0,01023659;0,01545813;0,0136917;0,03781799;0,03499375;0,00330531;-0,00019559;-0,00049553;-0,00067498;-0,00084368;-0,00089803;-0,00089779;-0,00091497;-0,00044314;0;0;0;0;0;0;0;0;0;0;0;0,00012375
J8-D3-1D-T10;-0,00069562;-0,0007135;-0,00069955;-0,0006975;-0,00074557;-0,00071577;-0,00074575;-0,00069953;-0,00072428;-0,00072318;-0,00072889;-0,00069851;-0,00071139;-0,00070603;-0,00071699;-0,00071229;-0,00071186;-0,00072683;-0,00071006;-0,00072121;-0,0006899;-0,00069727;-0,00075451;-0,00072475;-0,00070607;-0,00079026;-0,00090089;-0,000812;-0,00075311;-0,00081551;-0,00073681;-0,00075602;-0,00072727;-0,00072212;-0,0007531;-0,00076688;-0,0007598;-0,00057583;-0,00051825;-0,00073657;-0,00072124;-0,00073119;-0,00067839;-0,00055651;-0,00063139;-0,00069829;-0,00068363;-0,00065509;-0,00048173;-0,0005717;-0,00067159;-0,00062396;-0,00014733;-0,00032493;0,00032357;-0,00027085;-0,00052334;-0,00046363;-0,00047179;-0,00055894;-0,00062307;-0,00066722;-0,00070302;-0,00033697;-0,00026031;-0,00000726;0,00049728;-0,00025592;-0,0002578;0,0000304;-0,00050953;-0,00047728;0,00004556;-0,00022697;-0,00039027;-0,00001802;-0,00018713;-0,00009579;-0,00038929;-0,00052889;-0,0005934;-0,00050246;-0,00070793;-0,0007304;-0,00075018;-0,00079564;-0,00078463;-0,00078521;-0,0007903;-0,00079982;-0,00085452;-0,00081654;-0,00080544;-0,00083564;-0,00083655;-0,00084976;-0,00090474;-0,00085997;-0,00092229;-0,0008881;0;0;0;0;0;0;0;0;0;0;0;0;0;0;0;0;0;0;0;0;0;0;0;0;0;0;0;0;0;0;0;0;0;0;0;0;0;0,00054952;0,00124584;0,00126392;0,0017741;0,00273735;0,00338859;0,00272098;0,00115367;0,00184178;0,00983054;0,00300551;0,00201987;0,00442759;0,00422621;0,01608216;0,02325013;0,02669926;0,01647905;0,02366093;0,04055708;0,01832988;0,01082888;0,00851437;0,01665506;0,01193532;0,03137602;0,02451556;0,02336857;0,00988506;0,00488894;0,01469801;0,06377281;0,01415589;-0,00020634;0,00049329;0,00106126;0,0069218;0,00457145;0,00231634;0,00223555;0,00061289;0,00073627;0,00259873;0,00601834;0,00534495;0,00444422;0,00112492;-0,0000765;0,00103223;0,00190146;0,00465245;0,00594529;0,00257861;0,00546484;0,00500639;0,00496705;0,00472822;0,00171946;0,00603116;0,00897464;0,01436702;0,03577778;0,02060542;0,00618677;0,0053241;0,00216783;0,00080148;0,00095046;0,00223053;0,00511398;0,00255024;0,00172471;0,00313091;0,00310616;0,0024609;0,01733072;0,00375914;0,00690188;0,02352543;0,0764419;0,08122741;0,04772838;0,01064102;0,00224535;0,00045086;0,00025213;0,00494379;0,00763838;0,01242878;0,01447065;0,05761774;0,05789492;0,0034578;-0,00013602;-0,000422;-0,0009315;-0,00101852;-0,00106972;-0,00110036;-0,00109979;-0,00053725;0;0;0;0;0;0;0;0;0;0;0;0,00014136
J8-D4-1D-T13;-0,00001174;-0,0000108;0,00000624;-0,00001336;-0,00002845;-0,00000721;-0,00001825;-0,00002441;-0,00002332;-0,00000232;-0,00001318;-0,00001732;-0,00001793;-0,00001432;-0,00000253;-0,00002746;-0,00003478;-0,00001291;-0,00004453;-0,00005007;-0,00001375;-0,00002698;-0,00005486;-0,00006382;-0,00007207;-0,00004129;0,00007784;0,00007617;0,00003413;0,0000454;0,00001602;0,00000447;-0,00000645;-0,00000874;-0,00002894;-0,00004;-0,00003942;0,0000282;0,00018372;-0,00003938;0,00007183;0,00002699;0,00003249;0,00015192;0,00004518;0,00001425;-0,00000139;0,00004595;0,00016686;0,00011164;0,0000038;0,00003676;0,00019162;0,00021469;0,00062865;0,0003622;0,00013695;0,00013466;0,00019033;0,00005386;0,00003856;0,00001637;-0,0000105;0,00026183;0,00030514;0,00054039;0,00088998;0,00031626;0,00034197;0,00054193;0,00014438;0,00018072;0,0004621;0,00036628;0,00016374;0,00025826;0,00036349;0,00039941;0,00015118;0,00009582;0,00006013;0,00014613;-0,00001115;-0,00002547;-0,00004616;-0,00008197;-0,00004616;-0,00006509;-0,00007915;-0,00008588;-0,00010371;-0,0001022;-0,00007428;-0,00011131;-0,00012193;-0,00012112;-0,00011287;-0,00009463;-0,00015781;-0,00014181;0;0;0;0;0;0;0;0;0;0;0;0;0;0;0;0;0;0;0;0;0;0;0;0;0;0;0;0;0;0;0;0;0;0;0;0;0;0,00057944;0,00120993;0,00119986;0,00152011;0,00220483;0,00291905;0,00216323;0,00114223;0,00172808;0,00839127;0,00298023;0,00220876;0,00379332;0,00328822;0,01378439;0,02034933;0,02558176;0,01312691;0,02086761;0,03716975;0,01449442;0,00767323;0,00631526;0,01375616;0,01146977;0,03278046;0,02434428;0,02473287;0,00818276;0,00379451;0,01262824;0,0412109;0,01376545;0,00062792;0,00067217;0,00127853;0,00556034;0,00364844;0,00225602;0,00223857;0,00114477;0,00161507;0,00311549;0,00552892;0,0041869;0,00339172;0,0014263;0,000517;0,00114496;0,00171296;0,00383294;0,00521243;0,00225709;0,00472089;0,00410885;0,00566591;0,00702736;0,00224477;0,00478584;0,00740723;0,01182192;0,02895125;0,01792016;0,00583189;0,00481097;0,00220974;0,00114226;0,00114024;0,00229142;0,00458564;0,00258295;0,00237322;0,00534093;0,00497578;0,00269663;0,00952769;0,00317901;0,00683531;0,0265245;0,08970791;0,09255135;0,03926035;0,01089789;0,00282784;0,00129269;0,00095047;0,00579347;0,00847545;0,01260655;0,02063916;0,05192763;0,03756843;0,00394008;0,00090268;0,00042212;0,00019183;0,00006291;-0,00002463;-0,0000572;-0,00007014;-0,00004074;0;0;0;0;0;0;0;0;0;0;0;0,00001463